close_time,ret,equity,gross_exposure,net_exposure,cost
2020-01-01 00:00:00+00:00,0,1000000,0,0,0
2020-01-02 00:00:00+00:00,0,1000000,0,0,0
2020-01-03 00:00:00+00:00,0,1000000,0,0,0
2020-01-04 00:00:00+00:00,0,1000000,0,0,0
2020-01-05 00:00:00+00:00,0,1000000,0,0,0
2020-01-06 00:00:00+00:00,0.010714094,1010757.4,0.17812516,0.17812516,0.00010933612
2020-01-07 00:00:00+00:00,0.0079539105,1018781.6,0.24027408,0.24027408,0.00010708834
2020-01-08 00:00:00+00:00,-0.014107,1004478.7,0.21176066,0.21176066,7.3240268e-05
2020-01-09 00:00:00+00:00,-0.001498124,1002971.8,0.11284703,0.11284703,4.3230471e-05
2020-01-10 00:00:00+00:00,0.0045136378,1007503.7,0.10586076,0.10586076,5.5585612e-05
2020-01-11 00:00:00+00:00,-0.0021456023,1005340.4,0.1447891,0.13302827,8.4415031e-05
2020-01-12 00:00:00+00:00,0.00028678575,1005628.3,0.091856325,0.076322634,6.4172535e-05
2020-01-13 00:00:00+00:00,0.00085877609,1006491.3,0.090782047,0.018253763,8.609565e-05
2020-01-14 00:00:00+00:00,0.022421762,1029264.9,0.21939307,0.21939307,0.00013130811
2020-01-15 00:00:00+00:00,-0.0084663383,1020329.1,0.44244428,0.44244428,0.00023286023
2020-01-16 00:00:00+00:00,-0.0030242549,1017193,0.37189061,0.37189061,0.00022456915
2020-01-17 00:00:00+00:00,0.026314566,1044158.6,0.50090857,0.50090857,0.00021714586
2020-01-18 00:00:00+00:00,0.0022005873,1046396.8,0.46034303,0.46034303,0.0002061477
2020-01-19 00:00:00+00:00,-0.02251913,1022852.3,0.31581101,0.31581101,0.00011578903
2020-01-20 00:00:00+00:00,-0.0012951557,1021526.5,0.13474536,0.13416548,8.6394918e-05
2020-01-21 00:00:00+00:00,0.0031778056,1024762,0.23315316,0.23315316,0.00010925504
2020-01-22 00:00:00+00:00,-0.0026193758,1022078.1,0.14623192,0.14619311,5.7805512e-05
2020-01-23 00:00:00+00:00,-0.0033566672,1018651.2,0.075150688,0.038097415,4.8902575e-05
2020-01-24 00:00:00+00:00,-0.0022016035,1016408.1,0.066484452,-0.0021366965,6.0279699e-05
2020-01-25 00:00:00+00:00,0.00019319294,1016604.4,0.069186697,-0.016236615,4.5828295e-05
2020-01-26 00:00:00+00:00,0.00066459954,1017279.8,0.11496016,0.0011015148,7.0202858e-05
2020-01-27 00:00:00+00:00,0.0042921082,1021646.6,0.14211328,0.12777828,9.8479182e-05
2020-01-28 00:00:00+00:00,0.003650676,1025366.7,0.22486676,0.22486676,0.00011579062
2020-01-29 00:00:00+00:00,-0.0040276621,1021221.4,0.27170954,0.27170954,0.00013469016
2020-01-30 00:00:00+00:00,0.010723695,1032201.2,0.3167584,0.3167584,0.00017400757
2020-01-31 00:00:00+00:00,-0.0089038489,1022984.8,0.54177475,0.54177475,0.00024954431
2020-02-01 00:00:00+00:00,-0.0022881368,1020610.9,0.44124427,0.44124427,0.00018575856
2020-02-02 00:00:00+00:00,0.0091359093,1029903.6,0.49613399,0.49613399,0.00037130278
2020-02-03 00:00:00+00:00,-0.0031495875,1026616.8,0.43923025,0.43923025,0.00020897524
2020-02-04 00:00:00+00:00,0.0055966927,1032312.4,0.4162266,0.4162266,0.00018067409
2020-02-05 00:00:00+00:00,0.013314713,1046081.4,0.49790595,0.49790595,0.00027547234
2020-02-06 00:00:00+00:00,0.030123899,1077820,0.64099216,0.64099216,0.00031113958
2020-02-07 00:00:00+00:00,0.011660111,1090317.1,0.67241955,0.67241955,0.00027833683
2020-02-08 00:00:00+00:00,0.027163906,1120072.7,0.62718966,0.62718966,0.00027724583
2020-02-09 00:00:00+00:00,0.018641046,1140988.3,0.5714118,0.5714118,0.00023379335
2020-02-10 00:00:00+00:00,-0.016976138,1121601.5,0.43789042,0.43789042,0.00018214464
2020-02-11 00:00:00+00:00,0.024854285,1149693.2,0.38764773,0.38764773,0.00018071314
2020-02-12 00:00:00+00:00,0.019780827,1172570.9,0.42127221,0.42127221,0.00020811996
2020-02-13 00:00:00+00:00,-0.0053353616,1166169.4,0.41629909,0.41629909,0.00017152607
2020-02-14 00:00:00+00:00,0.011322895,1179400.2,0.34751021,0.34751021,0.00017514835
2020-02-15 00:00:00+00:00,-0.026231602,1148663.3,0.33955039,0.33955039,0.00012548778
2020-02-16 00:00:00+00:00,-0.01112909,1135899,0.16343612,0.15937749,5.4665506e-05
2020-02-17 00:00:00+00:00,-0.0002122675,1135654.1,0.066118762,0.043768226,3.7508403e-05
2020-02-18 00:00:00+00:00,0.0031371547,1139212,0.096960512,0.088644855,7.9796338e-05
2020-02-19 00:00:00+00:00,-0.0079000053,1130206.5,0.14013998,0.13331324,4.4218782e-05
2020-02-20 00:00:00+00:00,-0.0012995259,1128738.4,0.055003896,0.00062882138,3.080299e-05
2020-02-21 00:00:00+00:00,0.00065921657,1129482,0.067124635,0.036162664,5.6024216e-05
2020-02-22 00:00:00+00:00,-0.00028338475,1129160.2,0.10332339,0.090126157,7.2389398e-05
2020-02-23 00:00:00+00:00,0.0031859663,1132760.9,0.12870392,0.10335279,6.8083042e-05
2020-02-24 00:00:00+00:00,-0.0021616625,1130313.7,0.086684758,0.023179813,8.0549388e-05
2020-02-25 00:00:00+00:00,-0.0029990458,1126926.3,0.0993878,0.029787346,6.6965665e-05
2020-02-26 00:00:00+00:00,0.009441567,1137577.8,0.14381385,-0.13268447,8.9189444e-05
2020-02-27 00:00:00+00:00,-0.0080818956,1128404.2,0.16040414,-0.16040414,6.8952047e-05
2020-02-28 00:00:00+00:00,0.0022323201,1130875.4,0.22665928,-0.22665928,0.00010914498
2020-02-29 00:00:00+00:00,0.0043051272,1135722.7,0.22530306,-0.22530306,9.2629174e-05
2020-03-01 00:00:00+00:00,-0.0018206146,1133639.7,0.18829896,-0.18829896,8.8841046e-05
2020-03-02 00:00:00+00:00,-0.0034610299,1129720.7,0.098843255,-0.038900942,6.033637e-05
2020-03-03 00:00:00+00:00,-0.0022226734,1127211.6,0.074993946,0.00053515846,6.3219332e-05
2020-03-04 00:00:00+00:00,-0.00042643447,1126730.9,0.074684749,-0.015193294,4.034239e-05
2020-03-05 00:00:00+00:00,-0.00029989609,1126389.5,0.11839033,0.096171074,8.8602778e-05
2020-03-06 00:00:00+00:00,0.0036302637,1130478.7,0.14485965,0.132359,7.1496281e-05
2020-03-07 00:00:00+00:00,-0.0022233598,1127964.5,0.13621815,0.06840089,8.406513e-05
2020-03-08 00:00:00+00:00,0.020725211,1151522.9,0.20785302,-0.18724196,0.00015228075
2020-03-09 00:00:00+00:00,0.00082594887,1152359.9,0.26888786,-0.26888786,0.00010669902
2020-03-10 00:00:00+00:00,-0.0022765953,1149649.6,0.24832011,-0.24832011,0.00011387613
2020-03-11 00:00:00+00:00,0.0050448519,1155387.5,0.27803713,-0.27803713,0.00013206717
2020-03-12 00:00:00+00:00,0.098913107,1273349.7,0.17955497,-0.17955497,7.8045778e-05
2020-03-13 00:00:00+00:00,-0.012999175,1256716.6,0.050594372,-0.050594372,2.7025557e-05
2020-03-14 00:00:00+00:00,0.0046295997,1262536.1,0.071191818,-0.071191818,5.2227324e-05
2020-03-15 00:00:00+00:00,-0.0065989031,1254044.7,0.11944606,-0.11944606,4.5704181e-05
2020-03-16 00:00:00+00:00,0.003578539,1258471.1,0.079316472,-0.079316472,3.3299253e-05
2020-03-17 00:00:00+00:00,-0.0035891966,1253951.4,0.07665256,-0.07665256,4.7208987e-05
2020-03-18 00:00:00+00:00,-0.00077020277,1252971.1,0.088151024,-0.088151024,5.3860955e-05
2020-03-19 00:00:00+00:00,-0.012344318,1237569.7,0.081056781,-0.081056781,3.1397434e-05
2020-03-20 00:00:00+00:00,-0.00011820684,1237410.2,0.045683554,-0.045683554,2.5184492e-05
2020-03-21 00:00:00+00:00,-0.00091278291,1236276.9,0.04207194,-0.04207194,1.7878946e-05
2020-03-22 00:00:00+00:00,0.0027310897,1239651.9,0.052674781,-0.052674781,2.9037461e-05
2020-03-23 00:00:00+00:00,-0.0047406088,1233772.6,0.048894277,-0.048894277,1.8972656e-05
2020-03-24 00:00:00+00:00,-0.00096799819,1232577.6,0.042170635,-0.042170635,2.9981927e-05
2020-03-25 00:00:00+00:00,0.00049427856,1233181.8,0.070579141,-0.070579141,2.9183019e-05
2020-03-26 00:00:00+00:00,-0.00077796087,1232222.1,0.041265845,-0.040867773,2.2497964e-05
2020-03-27 00:00:00+00:00,0.0002965762,1232587.6,0.010934339,-0.0074064666,1.5410423e-05
2020-03-28 00:00:00+00:00,-0.00039321817,1232101.9,0.026245192,-0.026245192,1.6854095e-05
2020-03-29 00:00:00+00:00,0.0014996631,1233949.4,0.040754689,-0.040754689,3.0462861e-05
2020-03-30 00:00:00+00:00,-0.0030073868,1230242.9,0.032333059,-0.031978438,1.6423064e-05
2020-03-31 00:00:00+00:00,0.00014267056,1230418.2,0.028010815,-0.028010815,1.5145769e-05
2020-04-01 00:00:00+00:00,-0.0015648408,1228492.7,0.044774077,-0.044774077,2.7581256e-05
2020-04-02 00:00:00+00:00,-0.0011546981,1227074.3,0.024316935,-0.024037268,2.1903805e-05
2020-04-03 00:00:00+00:00,-0.00015866728,1226879.3,0.027400724,-0.027400724,1.0079372e-05
2020-04-04 00:00:00+00:00,-0.00095118815,1225712.6,0.029280033,-0.028911173,2.0248641e-05
2020-04-05 00:00:00+00:00,0.00023315351,1225998.3,0.037905094,-0.037905094,1.9496237e-05
2020-04-06 00:00:00+00:00,-0.00011688353,1225855,0.01378859,-0.0061300028,1.0428608e-05
2020-04-07 00:00:00+00:00,-0.0010878374,1224521.6,0.024628611,0.0099998258,1.3358317e-05
2020-04-08 00:00:00+00:00,8.0746506e-05,1224620.2,0.02419653,0.01618094,2.0655973e-05
2020-04-09 00:00:00+00:00,-0.00038219026,1224151.8,0.033581112,0.030170189,1.6391777e-05
2020-04-10 00:00:00+00:00,-0.0012578351,1222611,0.046729636,-0.03311861,3.9544882e-05
2020-04-11 00:00:00+00:00,-0.00060582571,1221870.5,0.029282109,-0.013263686,2.4788501e-05
2020-04-12 00:00:00+00:00,-0.0029614739,1218254.6,0.03728449,0.024081362,5.2000273e-05
2020-04-13 00:00:00+00:00,-0.0017657028,1216103.6,0.047397208,-0.042558518,4.1345164e-05
2020-04-14 00:00:00+00:00,0.00014358787,1216278.1,0.040614349,-0.010311464,2.4718542e-05
2020-04-15 00:00:00+00:00,-0.0043334758,1211016.3,0.063528705,0.057941011,4.9229305e-05
2020-04-16 00:00:00+00:00,0.00012119131,1211161.7,0.055549239,0.030503448,3.7987391e-05
2020-04-17 00:00:00+00:00,0.00038642719,1211628,0.068246794,0.067052488,3.2904088e-05
2020-04-18 00:00:00+00:00,0.0060984779,1219030,0.1550845,0.1550845,8.4361623e-05
2020-04-19 00:00:00+00:00,-0.0024845759,1215995.3,0.10654972,0.10654972,6.7290868e-05
2020-04-20 00:00:00+00:00,-0.0048782506,1210071.9,0.074965888,0.054082539,4.1984543e-05
2020-04-21 00:00:00+00:00,-8.263134e-05,1209971.6,0.051195374,-0.042179858,3.2294282e-05
2020-04-22 00:00:00+00:00,-0.0010815505,1208663.4,0.056090351,-0.02841244,2.8589262e-05
2020-04-23 00:00:00+00:00,-0.0031600962,1204848.5,0.050957432,-0.0090385229,3.9106618e-05
2020-04-24 00:00:00+00:00,-0.00076095115,1203931.5,0.055435647,0.048953702,4.9801875e-05
2020-04-25 00:00:00+00:00,0.0036564177,1208336.7,0.14488549,0.14488549,9.2838281e-05
2020-04-26 00:00:00+00:00,0.0073058302,1217180,0.19126605,0.19126605,9.1235579e-05
2020-04-27 00:00:00+00:00,-0.0030975851,1213398.5,0.21218478,0.21218478,8.9402131e-05
2020-04-28 00:00:00+00:00,0.0015542611,1215278.3,0.2000869,0.2000869,9.8918839e-05
2020-04-29 00:00:00+00:00,0.023696884,1244363.7,0.25251748,0.25251748,0.00012622261
2020-04-30 00:00:00+00:00,-0.0077380674,1234564.9,0.18462931,0.18462931,8.1320543e-05
2020-05-01 00:00:00+00:00,0.0017959357,1236774,0.14246427,0.14246427,8.5412625e-05
2020-05-02 00:00:00+00:00,0.0070605701,1245519.9,0.22238104,0.22238104,0.00010732476
2020-05-03 00:00:00+00:00,-0.0088199732,1234556.9,0.22745717,0.22745717,9.0188188e-05
2020-05-04 00:00:00+00:00,-0.0024268822,1231546.7,0.1213825,0.1213825,5.6335104e-05
2020-05-05 00:00:00+00:00,-0.0018058816,1229317.3,0.11719718,0.11719718,7.2562174e-05
2020-05-06 00:00:00+00:00,0.00055193762,1229979.9,0.13958688,0.13877297,7.9915336e-05
2020-05-07 00:00:00+00:00,0.0075660029,1239312,0.11385831,0.10836593,6.4379343e-05
2020-05-08 00:00:00+00:00,-0.0014792288,1237468,0.15870115,0.15870115,8.1778325e-05
2020-05-09 00:00:00+00:00,-0.020209081,1212549.7,0.21360522,0.21360522,9.6031829e-05
2020-05-10 00:00:00+00:00,-1.9393458e-05,1212526.1,0.038210236,-0.0022024035,4.4280685e-05
2020-05-11 00:00:00+00:00,-0.00068132905,1211699.5,0.048212537,0.0061436757,3.1006289e-05
2020-05-12 00:00:00+00:00,0.0024894279,1214716.5,0.087562163,0.079510928,5.1411937e-05
2020-05-13 00:00:00+00:00,0.0016885943,1216767.3,0.11254263,0.085418945,5.6367413e-05
2020-05-14 00:00:00+00:00,0.0018902804,1219052.9,0.14133616,0.12845575,9.1861558e-05
2020-05-15 00:00:00+00:00,-0.0089604094,1208132.8,0.25614277,0.25614277,0.00014629757
2020-05-16 00:00:00+00:00,0.0028795687,1211597.4,0.25807012,0.25807012,0.00011966628
2020-05-17 00:00:00+00:00,0.0062651532,1219178.5,0.28149521,0.28149521,0.00013833299
2020-05-18 00:00:00+00:00,-0.0021735672,1216491.4,0.31034101,0.31034101,0.00013348043
2020-05-19 00:00:00+00:00,0.0029896948,1220110.5,0.26626356,0.26626356,0.00012800483
2020-05-20 00:00:00+00:00,-0.0064352227,1212199.4,0.29460905,0.29460905,0.00015200096
2020-05-21 00:00:00+00:00,-0.013678856,1195700.4,0.19397106,0.19236018,7.9200305e-05
2020-05-22 00:00:00+00:00,0.0039269749,1200401.3,0.12717392,0.12621026,5.7204012e-05
2020-05-23 00:00:00+00:00,-0.00094036917,1199269.5,0.13272599,0.12966912,6.7529361e-05
2020-05-24 00:00:00+00:00,-0.0088211499,1188691.1,0.24655087,0.24589715,0.00015495804
2020-05-25 00:00:00+00:00,0.00026454063,1189003.4,0.10452471,0.094010282,8.1662616e-05
2020-05-26 00:00:00+00:00,-0.0014051994,1187326,0.17266429,0.17094425,0.00010057755
2020-05-27 00:00:00+00:00,0.0039632059,1192033.2,0.18094347,0.18094347,9.07251e-05
2020-05-28 00:00:00+00:00,0.0064664654,1199752.4,0.20591828,0.19714224,0.00012144592
2020-05-29 00:00:00+00:00,-0.0028788344,1196293.9,0.24996136,0.23590961,0.00013511911
2020-05-30 00:00:00+00:00,0.021694406,1222427.7,0.39897851,0.3932406,0.00022593564
2020-05-31 00:00:00+00:00,-0.012948545,1206629.7,0.37954749,0.37954749,0.00017950591
2020-06-01 00:00:00+00:00,0.018169897,1228654.2,0.37841001,0.37841001,0.00019928145
2020-06-02 00:00:00+00:00,-0.019748412,1204180.1,0.3049673,0.3049673,0.00011256255
2020-06-03 00:00:00+00:00,0.0028455486,1207605.8,0.15456381,0.15456381,0.0001947528
2020-06-04 00:00:00+00:00,0.0009916558,1208769.7,0.36409464,0.36409464,0.00017618603
2020-06-05 00:00:00+00:00,-0.0028044908,1205372.2,0.2924904,0.27375305,0.00014042338
2020-06-06 00:00:00+00:00,-9.5320601e-05,1205249.5,0.28550542,0.26081985,0.00014729179
2020-06-07 00:00:00+00:00,0.0026500015,1208438.4,0.21128764,0.15601357,0.00014103283
2020-06-08 00:00:00+00:00,-0.0024259417,1205499.6,0.24902642,0.24510335,9.7088736e-05
2020-06-09 00:00:00+00:00,0.0013947619,1207178,0.36223024,0.36223024,0.0001894667
2020-06-10 00:00:00+00:00,0.0043488815,1212428.7,0.41404109,0.41404109,0.00022714462
2020-06-11 00:00:00+00:00,-0.022496871,1185410,0.31549205,0.29202843,0.00012205147
2020-06-12 00:00:00+00:00,0.00027589852,1185736.6,0.068122759,0.031616269,4.1587505e-05
2020-06-13 00:00:00+00:00,-0.00039639589,1185266.4,0.15477318,-0.00054354787,8.9877954e-05
2020-06-14 00:00:00+00:00,-0.0002769235,1184937.4,0.17597237,-0.064160774,7.6972527e-05
2020-06-15 00:00:00+00:00,-0.0012496396,1183447.1,0.14363867,-0.11944384,8.6526766e-05
2020-06-16 00:00:00+00:00,0.00032436336,1183829.8,0.11492035,-0.021730076,0.00011549455
2020-06-17 00:00:00+00:00,-0.0015485865,1181997.6,0.11834037,0.026460736,6.8288789e-05
2020-06-18 00:00:00+00:00,-4.5717483e-05,1181943.4,0.12214385,-0.023972073,7.6229993e-05
2020-06-19 00:00:00+00:00,0.00041672771,1182433.7,0.18357343,-0.13996154,0.00011707089
2020-06-20 00:00:00+00:00,-0.0019494942,1180130.4,0.17423728,-0.034449748,0.00011780956
2020-06-21 00:00:00+00:00,0.00038510652,1180584.1,0.20098938,-0.099094857,0.00012967139
2020-06-22 00:00:00+00:00,0.00028256864,1180914.2,0.24657884,-0.021827485,0.00018065067
2020-06-23 00:00:00+00:00,-0.00043208563,1180402.2,0.30249071,0.080596415,0.00015507834
2020-06-24 00:00:00+00:00,-0.0045541941,1175024.6,0.24455622,0.050070465,0.00013242041
2020-06-25 00:00:00+00:00,-0.0013191192,1173473.1,0.17070361,-0.045245922,0.00012883114
2020-06-26 00:00:00+00:00,-0.0015798241,1171614.8,0.20527065,-0.075157059,0.0001195101
2020-06-27 00:00:00+00:00,0.013290938,1187141.2,0.28356927,-0.22584466,0.00020892201
2020-06-28 00:00:00+00:00,-0.0049876628,1181223.1,0.26047525,-0.26047525,0.00010406761
2020-06-29 00:00:00+00:00,-0.0016494208,1179255.3,0.37367334,-0.37367334,0.00021221975
2020-06-30 00:00:00+00:00,0.0024485043,1182126.6,0.44733597,-0.44733597,0.00023452212
2020-07-01 00:00:00+00:00,-0.0086228217,1171965.6,0.44706477,-0.43846797,0.00025347475
2020-07-02 00:00:00+00:00,0.0047471877,1177490.6,0.47435839,-0.46652512,0.00022351504
2020-07-03 00:00:00+00:00,-0.00050027421,1176895,0.32473621,-0.2932439,0.0002032372
2020-07-04 00:00:00+00:00,-0.005666997,1170230.7,0.47474895,-0.45368356,0.00026174703
2020-07-05 00:00:00+00:00,0.0022270979,1172820.7,0.52650375,-0.51817997,0.00028567173
2020-07-06 00:00:00+00:00,-0.014480218,1155938.5,0.31093035,-0.21365671,0.00020131308
2020-07-07 00:00:00+00:00,0.011199061,1168928.4,0.22649504,0.0045567539,0.00016707028
2020-07-08 00:00:00+00:00,0.018846903,1191022,0.22596455,0.14182895,0.00014926325
2020-07-09 00:00:00+00:00,-0.011668532,1177139.4,0.29735211,0.29639372,0.00016750255
2020-07-10 00:00:00+00:00,0.00062202371,1177851.9,0.23616667,0.22302187,0.0001536259
2020-07-11 00:00:00+00:00,0.0041256551,1182702.3,0.32029685,0.30782144,0.00018188868
2020-07-12 00:00:00+00:00,5.2392504e-05,1182721.2,0.40219581,0.3904375,0.00018454891
2020-07-13 00:00:00+00:00,-0.0034339014,1178629.3,0.27853875,0.22356176,0.00015636371
2020-07-14 00:00:00+00:00,-0.0020246497,1176240.7,0.21892601,0.087359622,0.00012184884
2020-07-15 00:00:00+00:00,-0.0055847428,1169675.2,0.31747104,0.28321918,0.00018445719
2020-07-16 00:00:00+00:00,-0.0044920062,1164425.9,0.21112438,-0.030911442,0.00011036771
2020-07-17 00:00:00+00:00,-0.0012449199,1162976.7,0.19701727,-0.063631833,0.00014998269
2020-07-18 00:00:00+00:00,0.0024673251,1165845.8,0.36206539,-0.09605703,0.00026772274
2020-07-19 00:00:00+00:00,0.00027192755,1166161.2,0.3583907,0.031071797,0.00020304446
2020-07-20 00:00:00+00:00,-0.00622195,1158917.8,0.32082062,0.13684064,0.00014991624
2020-07-21 00:00:00+00:00,0.0031544162,1162560.8,0.36927333,0.31905802,0.00024089598
2020-07-22 00:00:00+00:00,0.015074022,1180140,0.3194444,0.3194444,0.00019688305
2020-07-23 00:00:00+00:00,0.0068030026,1188155,0.3965829,0.3965829,0.00022659891
2020-07-24 00:00:00+00:00,0.0026446704,1191229.4,0.47080164,0.47080164,0.00024711095
2020-07-25 00:00:00+00:00,0.021977004,1217591.7,0.62415575,0.62415575,0.00032924424
2020-07-26 00:00:00+00:00,0.013724525,1234301.9,0.59002921,0.59002921,0.00024128845
2020-07-27 00:00:00+00:00,0.024879166,1265108.3,0.4556057,0.4556057,0.00020680372
2020-07-28 00:00:00+00:00,-0.0083840361,1254436.6,0.35885588,0.35885588,0.00017181439
2020-07-29 00:00:00+00:00,0.0073218452,1263552.8,0.45956386,0.45956386,0.00022552762
2020-07-30 00:00:00+00:00,0.0070278637,1272381.4,0.52103038,0.52103038,0.00023190074
2020-07-31 00:00:00+00:00,0.013473806,1289511.1,0.53626653,0.53626653,0.00022499054
2020-08-01 00:00:00+00:00,0.046189198,1350104.9,0.51972271,0.51972271,0.00023434393
2020-08-02 00:00:00+00:00,-0.021000587,1320576.7,0.18549553,0.18549553,0.0001074121
2020-08-03 00:00:00+00:00,0.0087851519,1332168.5,0.21647884,0.21647884,0.00014698764
2020-08-04 00:00:00+00:00,-0.0057645125,1324448,0.29686848,0.29686848,0.00012384945
2020-08-05 00:00:00+00:00,0.0088086309,1336119.7,0.3230348,0.3230348,0.00014655839
2020-08-06 00:00:00+00:00,-0.00070571876,1335153.7,0.31549584,0.31549584,0.00013414629
2020-08-07 00:00:00+00:00,-0.0099442703,1321900.3,0.29646081,0.29646081,0.00014579545
2020-08-08 00:00:00+00:00,0.0055559485,1329243.2,0.25313713,0.25313713,0.00011060492
2020-08-09 00:00:00+00:00,-0.003087978,1325126,0.26342071,0.26342071,0.00011390667
2020-08-10 00:00:00+00:00,0.0028636046,1328899.8,0.24990921,0.24990921,0.00010256145
2020-08-11 00:00:00+00:00,-0.011228536,1314038.1,0.18445646,0.18445646,6.477221e-05
2020-08-12 00:00:00+00:00,0.0035751668,1318733.9,0.13142826,0.13142826,7.3046837e-05
2020-08-13 00:00:00+00:00,0.0060112714,1326663.5,0.18214601,0.18214601,8.4913103e-05
2020-08-14 00:00:00+00:00,0.0061238538,1334802.3,0.21934941,0.21934941,0.00010797605
2020-08-15 00:00:00+00:00,-0.0044231815,1328901.4,0.23786625,0.23786625,0.00011216036
2020-08-16 00:00:00+00:00,0.0014981415,1330874,0.28488911,0.28488911,0.0001650941
2020-08-17 00:00:00+00:00,0.007812012,1341269.1,0.30635577,0.30635577,0.00013300109
2020-08-18 00:00:00+00:00,-0.0076708548,1330985.7,0.25057478,0.25057478,0.00011442354
2020-08-19 00:00:00+00:00,-0.0058950822,1323146.3,0.16551006,0.16551006,6.6251236e-05
2020-08-20 00:00:00+00:00,0.00089859979,1324330.9,0.1406999,0.1406999,6.4244226e-05
2020-08-21 00:00:00+00:00,-0.0079651737,1313813.7,0.14699878,0.14699878,5.993415e-05
2020-08-22 00:00:00+00:00,0.0023533291,1316906.7,0.10437161,0.10437161,5.0982656e-05
2020-08-23 00:00:00+00:00,-0.0007494561,1315918.1,0.11044097,0.11044097,7.0857051e-05
2020-08-24 00:00:00+00:00,0.0023338789,1318986.1,0.20577828,0.20577828,0.00012883057
2020-08-25 00:00:00+00:00,-0.0094137944,1306613.3,0.16414706,0.16414706,6.6418054e-05
2020-08-26 00:00:00+00:00,0.0022370652,1309535.2,0.13589862,0.13589862,7.7394835e-05
2020-08-27 00:00:00+00:00,-0.0027938579,1305867.2,0.14648295,0.14301023,6.0194967e-05
2020-08-28 00:00:00+00:00,0.00032290081,1306286.6,0.10387511,0.093350988,4.6801259e-05
2020-08-29 00:00:00+00:00,0.00064270046,1307123.4,0.11793016,0.10731078,5.3691889e-05
2020-08-30 00:00:00+00:00,0.0051140119,1313816.7,0.1930205,0.19213304,0.00012370261
2020-08-31 00:00:00+00:00,-0.0012218149,1312204.9,0.21782243,0.16725048,0.00010971703
2020-09-01 00:00:00+00:00,0.011884094,1327859.1,0.25739845,0.22847896,0.00015381964
2020-09-02 00:00:00+00:00,-0.0098809933,1314750.5,0.1829696,0.16743498,8.1736855e-05
2020-09-03 00:00:00+00:00,-0.004898051,1308305.4,0.11171385,0.010301102,6.8975711e-05
2020-09-04 00:00:00+00:00,-0.0031728219,1304156.4,0.098989674,-0.086343998,4.2269248e-05
2020-09-05 00:00:00+00:00,0.0057689341,1311606,0.15159441,-0.15117767,0.00010136662
2020-09-06 00:00:00+00:00,-0.0043401919,1305900.1,0.16533311,-0.16530818,7.6544154e-05
2020-09-07 00:00:00+00:00,-0.0020933304,1303110.7,0.21707802,-0.2170598,0.00011607582
2020-09-08 00:00:00+00:00,0.0027220385,1306642.5,0.1704932,-0.16356486,9.1513021e-05
2020-09-09 00:00:00+00:00,-0.0037917557,1301691.5,0.16526226,-0.13770747,8.0827738e-05
2020-09-10 00:00:00+00:00,-0.0017544738,1299405,0.14859588,-0.081725668,7.4482511e-05
2020-09-11 00:00:00+00:00,0.00065240768,1300250.9,0.12857278,-0.065806075,7.112151e-05
2020-09-12 00:00:00+00:00,0.0035747679,1304904.3,0.14178914,-0.04608299,6.861554e-05
2020-09-13 00:00:00+00:00,0.00036357332,1305372,0.13834416,-0.054704665,6.8381232e-05
2020-09-14 00:00:00+00:00,-0.0018454349,1302961,0.10837688,-0.057537837,5.0626078e-05
2020-09-15 00:00:00+00:00,-0.0024378237,1299785.3,0.092492594,-0.056587866,4.3663383e-05
2020-09-16 00:00:00+00:00,-0.002274769,1296829.2,0.1113383,-0.05438207,6.5413663e-05
2020-09-17 00:00:00+00:00,-0.0004028977,1296306.5,0.094151465,-0.013563935,5.9712586e-05
2020-09-18 00:00:00+00:00,4.6511481e-05,1296365.2,0.14050652,0.050163612,6.9943621e-05
2020-09-19 00:00:00+00:00,-0.00023583278,1296057.6,0.14500828,0.052560719,7.7008177e-05
2020-09-20 00:00:00+00:00,-0.0026870132,1292577.7,0.13283472,0.033249037,7.7882963e-05
2020-09-21 00:00:00+00:00,-0.00079299123,1291548.4,0.11650197,-0.037473729,8.2985861e-05
2020-09-22 00:00:00+00:00,-0.00051401179,1290881.7,0.10913597,-0.10760285,5.0962372e-05
2020-09-23 00:00:00+00:00,0.0063683685,1299117.5,0.18350566,-0.18318378,0.00012142516
2020-09-24 00:00:00+00:00,-0.0091850955,1287218.6,0.21534066,-0.21486408,7.814176e-05
2020-09-25 00:00:00+00:00,-0.0045744981,1281333.1,0.098383847,-0.09382004,5.4961599e-05
2020-09-26 00:00:00+00:00,0.0002262778,1281622.2,0.098013262,-0.052961581,7.5836855e-05
2020-09-27 00:00:00+00:00,-0.0010201883,1280314.8,0.081903747,-0.018886405,5.8432288e-05
2020-09-28 00:00:00+00:00,0.00024091402,1280622.6,0.1099888,0.011546892,6.4723791e-05
2020-09-29 00:00:00+00:00,0.0009536167,1281843.3,0.12136446,-0.052406251,8.0133106e-05
2020-09-30 00:00:00+00:00,-0.0007399528,1280889.7,0.27136178,-0.20529338,0.00020427207
2020-10-01 00:00:00+00:00,0.00033944424,1281285.9,0.42933703,-0.34381933,0.00027087255
2020-10-02 00:00:00+00:00,0.0033439847,1285508.7,0.39805134,-0.37600268,0.00017282851
2020-10-03 00:00:00+00:00,-0.0014843257,1283591.1,0.521516,-0.47388054,0.00034237685
2020-10-04 00:00:00+00:00,-0.012748546,1267274.2,0.50964347,-0.40416417,0.00024412164
2020-10-05 00:00:00+00:00,-0.00046573592,1266679.6,0.27358979,-0.083726022,0.00014102763
2020-10-06 00:00:00+00:00,-0.0038599441,1261793.6,0.2591511,-0.02659128,0.00018774538
2020-10-07 00:00:00+00:00,-0.00090640587,1260646.1,0.23677578,-0.0024149565,0.00016479156
2020-10-08 00:00:00+00:00,7.22956e-05,1260733,0.31980573,0.07607684,0.00018825799
2020-10-09 00:00:00+00:00,0.0021708457,1263467.2,0.30362876,0.13220602,0.0001636241
2020-10-10 00:00:00+00:00,-0.00057891883,1262723.8,0.35193117,0.20253277,0.00018512363
2020-10-11 00:00:00+00:00,0.0044637905,1268354.2,0.4742143,0.35666973,0.00028166703
2020-10-12 00:00:00+00:00,0.0086660727,1279315.2,0.47940839,0.36678008,0.00022375717
2020-10-13 00:00:00+00:00,-0.0008945836,1278147,0.37575516,0.24989721,0.00018849041
2020-10-14 00:00:00+00:00,-0.0052444111,1271448.6,0.39908567,0.13216817,0.00023128331
2020-10-15 00:00:00+00:00,0.0039240303,1276440.9,0.41814256,-0.010198052,0.00031681746
2020-10-16 00:00:00+00:00,-0.0093832109,1264464.3,0.37563395,-0.097215216,0.00020882405
2020-10-17 00:00:00+00:00,-0.0018773267,1262089.3,0.42707961,-0.18026057,0.00027785168
2020-10-18 00:00:00+00:00,-0.0012400227,1260520.2,0.62902599,-0.21573427,0.0003729466
2020-10-19 00:00:00+00:00,-0.0032337487,1256433.7,0.61906567,-0.12016823,0.00030591202
2020-10-20 00:00:00+00:00,0.00048924162,1257042.5,0.46617784,0.021953766,0.00021818076
2020-10-21 00:00:00+00:00,0.020917834,1283389.3,0.53794407,0.35850577,0.00035314019
2020-10-22 00:00:00+00:00,0.0066126657,1291823.2,0.49714842,0.45763642,0.00024637486
2020-10-23 00:00:00+00:00,-0.0033247003,1287459.7,0.57727026,0.52136925,0.00030311768
2020-10-24 00:00:00+00:00,0.0067960918,1296212.8,0.68334907,0.54501173,0.00031782083
2020-10-25 00:00:00+00:00,-0.009566458,1283698.1,0.61370658,0.50810902,0.00027556835
2020-10-26 00:00:00+00:00,-0.006115671,1275775.9,0.48347353,0.45629143,0.00022552171
2020-10-27 00:00:00+00:00,0.0093109735,1287682.1,0.39061422,0.27309608,0.00018572681
2020-10-28 00:00:00+00:00,-0.0092453887,1275809.1,0.36882292,0.13814203,0.00019578978
2020-10-29 00:00:00+00:00,0.0016562265,1277918.9,0.35599621,0.033014415,0.00018938009
2020-10-30 00:00:00+00:00,0.00047898453,1278526.4,0.36233811,-0.060888181,0.00016820133
2020-10-31 00:00:00+00:00,0.00062127894,1279316.1,0.4165075,-0.065743582,0.0002061517
2020-11-01 00:00:00+00:00,-0.0018403084,1276959.6,0.50197933,-0.098679969,0.00023279884
2020-11-02 00:00:00+00:00,-0.00020819656,1276685.8,0.42146427,-0.013502249,0.00020574125
2020-11-03 00:00:00+00:00,0.00027117932,1277006.6,0.34277914,0.028395885,0.00018820281
2020-11-04 00:00:00+00:00,0.0013875478,1278769.5,0.37227324,0.024468868,0.00020829319
2020-11-05 00:00:00+00:00,0.025096501,1311186.9,0.37844793,0.17559697,0.00019289601
2020-11-06 00:00:00+00:00,0.0087348923,1322484.8,0.44968477,0.44968477,0.00023930154
2020-11-07 00:00:00+00:00,-0.026084731,1288171.3,0.44652186,0.4454752,0.00018236065
2020-11-08 00:00:00+00:00,0.013406147,1305486.7,0.38636958,0.38602211,0.00020129683
2020-11-09 00:00:00+00:00,-0.0099465041,1292427.8,0.38490404,0.38490404,0.0001588088
2020-11-10 00:00:00+00:00,0.0084894977,1303381.5,0.33487533,0.32281968,0.00019456583
2020-11-11 00:00:00+00:00,0.00046174582,1303960.1,0.37482748,0.24232329,0.00020538478
2020-11-12 00:00:00+00:00,0.011624603,1319160.1,0.45579946,0.18157583,0.00025882805
2020-11-13 00:00:00+00:00,0.0054932228,1326389.6,0.52770358,0.3949397,0.00025310496
2020-11-14 00:00:00+00:00,-0.010071522,1313034.3,0.50445608,0.37195403,0.00025973917
2020-11-15 00:00:00+00:00,-0.0065160258,1304466.2,0.47778638,0.39252205,0.00023327414
2020-11-16 00:00:00+00:00,0.024748476,1337057.7,0.48229089,0.40186961,0.00022920759
2020-11-17 00:00:00+00:00,0.01879718,1362296.4,0.50415725,0.50206037,0.00024138486
2020-11-18 00:00:00+00:00,-0.010615148,1347501.6,0.35308999,0.34378922,0.00016450606
2020-11-19 00:00:00+00:00,0.0018806656,1349990.8,0.39639977,0.38683322,0.00023807414
2020-11-20 00:00:00+00:00,0.03479098,1397632.6,0.51265626,0.51265626,0.00025101415
2020-11-21 00:00:00+00:00,0.037303764,1450442.2,0.45480376,0.45480376,0.00022300153
2020-11-22 00:00:00+00:00,-0.010571657,1434801,0.36739367,0.36739367,0.00017820595
2020-11-23 00:00:00+00:00,0.037103403,1488874.2,0.346134,0.346134,0.00017764176
2020-11-24 00:00:00+00:00,0.020893698,1519898.6,0.36389455,0.36389455,0.00015479467
2020-11-25 00:00:00+00:00,-0.016089691,1495488.9,0.30206809,0.30206809,0.00014116268
2020-11-26 00:00:00+00:00,-0.029887995,1451233.9,0.12166337,0.10727815,6.9090661e-05
2020-11-27 00:00:00+00:00,1.5162231e-05,1451248.2,0.054189191,0.038381458,3.2848118e-05
2020-11-28 00:00:00+00:00,0.003800386,1456758.6,0.11376631,0.096195042,7.3651207e-05
2020-11-29 00:00:00+00:00,0.0074133788,1467574.3,0.15486725,0.13156185,7.392246e-05
2020-11-30 00:00:00+00:00,0.0072024798,1478144.6,0.18671985,0.18671985,9.9256497e-05
2020-12-01 00:00:00+00:00,-0.013906032,1457429.3,0.21401484,0.21401484,0.00010879569
2020-12-02 00:00:00+00:00,0.001796063,1460034.6,0.17049298,0.17049298,0.00011712411
2020-12-03 00:00:00+00:00,0.0053306684,1467807.5,0.26406871,0.26406871,0.00011231969
2020-12-04 00:00:00+00:00,-0.013840073,1447574.2,0.20463501,0.20446782,9.1756563e-05
2020-12-05 00:00:00+00:00,0.0058929505,1456115.5,0.13493032,0.13389247,5.9525498e-05
2020-12-06 00:00:00+00:00,-0.00033589577,1455615.9,0.14210167,0.12649582,8.4557794e-05
2020-12-07 00:00:00+00:00,-0.001632657,1453236.6,0.14678629,0.12849569,6.3050865e-05
2020-12-08 00:00:00+00:00,-0.0028429409,1449108.4,0.11028139,0.050339477,6.9245917e-05
2020-12-09 00:00:00+00:00,-0.00084328742,1447886,0.089084256,0.00010429025,5.0416545e-05
2020-12-10 00:00:00+00:00,-0.0018798879,1445163.1,0.10479397,0.061207551,6.5691642e-05
2020-12-11 00:00:00+00:00,-0.00043566285,1444531.9,0.10553347,0.024933187,5.4977704e-05
2020-12-12 00:00:00+00:00,0.00027355842,1444925.3,0.097630322,0.052803166,5.1174144e-05
2020-12-13 00:00:00+00:00,0.0011517346,1446584.9,0.13948935,0.12347242,8.8712575e-05
2020-12-14 00:00:00+00:00,0.0012727296,1448418.1,0.16163602,0.16163602,7.4653539e-05
2020-12-15 00:00:00+00:00,-0.0014738045,1446277.7,0.1591458,0.1591458,8.3243317e-05
2020-12-16 00:00:00+00:00,0.020975675,1476877,0.22457289,0.22457289,0.00012390301
2020-12-17 00:00:00+00:00,0.0080646767,1488702.8,0.25641045,0.25641045,0.00010633875
2020-12-18 00:00:00+00:00,0.0045013722,1495383,0.22572188,0.22572188,0.00012080746
2020-12-19 00:00:00+00:00,0.0062602834,1504707.6,0.33157419,0.33157419,0.00014474692
2020-12-20 00:00:00+00:00,0.013339603,1524668.9,0.28900214,0.28900214,0.00011776815
2020-12-21 00:00:00+00:00,-0.013946819,1503430,0.1862309,0.1862309,8.1551286e-05
2020-12-22 00:00:00+00:00,0.0060545873,1512545.1,0.11328656,0.10463124,8.3901935e-05
2020-12-23 00:00:00+00:00,-0.0079459033,1500543.4,0.15880952,0.13159377,6.4567962e-05
2020-12-24 00:00:00+00:00,-0.00049559417,1499793,0.098089439,0.067510915,5.7126194e-05
2020-12-25 00:00:00+00:00,0.0039104892,1505657.6,0.13087462,0.11341099,6.9790975e-05
2020-12-26 00:00:00+00:00,0.0088630762,1519028.1,0.18930547,0.17200322,0.00010949674
2020-12-27 00:00:00+00:00,0.0050225199,1526594.2,0.21716965,0.18209076,8.9653399e-05
2020-12-28 00:00:00+00:00,0.0024020267,1530241.1,0.19512039,0.16305427,9.8544795e-05
2020-12-29 00:00:00+00:00,0.0071050177,1541120,0.22848856,0.20480106,0.00010144422
2020-12-30 00:00:00+00:00,0.0051543693,1549053.6,0.23410056,0.21782013,0.00010303249
2020-12-31 00:00:00+00:00,-0.0024448619,1545232.5,0.24615675,0.2128128,0.00010188102
2021-01-01 00:00:00+00:00,0.0050360358,1553008.5,0.23955686,0.2063495,0.00010970762
2021-01-02 00:00:00+00:00,0.025518889,1592910.2,0.19803667,0.1656583,7.6960456e-05
2021-01-03 00:00:00+00:00,0.015817962,1618259,0.15810877,0.13707587,7.9011859e-05
2021-01-04 00:00:00+00:00,0.00092843852,1619646.1,0.14822566,0.13046673,7.1463227e-05
2021-01-05 00:00:00+00:00,0.0016728772,1622298.4,0.12808827,0.10835455,7.7334434e-05
2021-01-06 00:00:00+00:00,0.011186364,1640458.3,0.17031773,0.15026848,7.9242338e-05
2021-01-07 00:00:00+00:00,0.0012048394,1642366.3,0.1761703,0.17429731,7.1686425e-05
2021-01-08 00:00:00+00:00,0.0013149133,1644407.4,0.13675111,0.13661132,5.8818562e-05
2021-01-09 00:00:00+00:00,0.0064878871,1655081.5,0.14577937,0.1457775,7.140063e-05
2021-01-10 00:00:00+00:00,-0.011580867,1635947.2,0.15694827,0.15694827,6.409216e-05
2021-01-11 00:00:00+00:00,-0.014122192,1612918.3,0.066924214,0.065492132,3.1399284e-05
2021-01-12 00:00:00+00:00,-0.00304945,1607994,0.043662609,0.041756668,1.9819051e-05
2021-01-13 00:00:00+00:00,0.0055573003,1616949,0.048103472,0.045528484,3.2036034e-05
2021-01-14 00:00:00+00:00,0.0053468304,1625603.6,0.0883951,0.084826089,4.4954459e-05
2021-01-15 00:00:00+00:00,-0.0037151837,1619552.2,0.089529601,0.076992941,3.779846e-05
2021-01-16 00:00:00+00:00,0.0023471457,1623335.3,0.10691937,0.10269786,5.6655747e-05
2021-01-17 00:00:00+00:00,0.0011793992,1625229.6,0.095916817,0.088201429,4.530347e-05
2021-01-18 00:00:00+00:00,-0.00089656432,1623762.7,0.10139304,0.092085963,4.8597626e-05
2021-01-19 00:00:00+00:00,0.00091421015,1625218.8,0.096373167,0.093119502,3.98032e-05
2021-01-20 00:00:00+00:00,-0.0018771219,1622160.5,0.061266026,0.052985127,3.4653658e-05
2021-01-21 00:00:00+00:00,-0.0042579706,1615263,0.052434297,0.021896928,3.04138e-05
2021-01-22 00:00:00+00:00,-0.00072483269,1614091.8,0.035815167,0.0087711072,2.3086206e-05
2021-01-23 00:00:00+00:00,0.00020957306,1614429.1,0.04686674,0.020824554,2.613749e-05
2021-01-24 00:00:00+00:00,0.0031718756,1619556.3,0.067098273,0.0031761663,4.1938688e-05
2021-01-25 00:00:00+00:00,-0.0039882098,1613098.2,0.12065451,0.079179724,7.4018886e-05
2021-01-26 00:00:00+00:00,-0.001445606,1610758.5,0.09896939,0.052098638,5.4403696e-05
2021-01-27 00:00:00+00:00,-0.0046367638,1603299.5,0.097218615,0.047726087,4.9589176e-05
2021-01-28 00:00:00+00:00,0.019139555,1634231.8,0.076029311,0.041698274,5.2471336e-05
2021-01-29 00:00:00+00:00,0.0044651388,1641462.4,0.082094564,0.072413775,4.2073669e-05
2021-01-30 00:00:00+00:00,0.0021250188,1644944.5,0.08116829,0.078672824,6.0782665e-05
2021-01-31 00:00:00+00:00,-0.0011693112,1643000.1,0.11317424,0.11317424,4.7544536e-05
2021-02-01 00:00:00+00:00,0.0057407281,1652409.9,0.11029274,0.11029274,5.3797419e-05
2021-02-02 00:00:00+00:00,0.0058969183,1662165.6,0.10918883,0.10918883,5.4135717e-05
2021-02-03 00:00:00+00:00,0.008802129,1676843.6,0.14439342,0.14439342,8.2670109e-05
2021-02-04 00:00:00+00:00,0.0082652642,1690687.3,0.18011093,0.18011093,7.6487946e-05
2021-02-05 00:00:00+00:00,0.013270214,1713225,0.16999976,0.16999976,6.9115188e-05
2021-02-06 00:00:00+00:00,0.0092639041,1729111.6,0.1660521,0.1660521,7.5592997e-05
2021-02-07 00:00:00+00:00,-0.0069661466,1717048,0.15780681,0.15780681,7.0970548e-05
2021-02-08 00:00:00+00:00,0.022599136,1756216.7,0.14586424,0.14586424,6.9962268e-05
2021-02-09 00:00:00+00:00,0.019076713,1789887.3,0.15157458,0.15157458,6.473035e-05
2021-02-10 00:00:00+00:00,0.0027164366,1794601.7,0.15138006,0.15138006,6.5088326e-05
2021-02-11 00:00:00+00:00,0.0057257507,1804873,0.15266625,0.15266625,6.7552851e-05
2021-02-12 00:00:00+00:00,0.0076243487,1818638.8,0.16591935,0.16591935,7.0160677e-05
2021-02-13 00:00:00+00:00,-0.0015151901,1815848.1,0.16009586,0.16009586,6.3948696e-05
2021-02-14 00:00:00+00:00,-0.00015165063,1815546.3,0.15347436,0.15347436,6.333241e-05
2021-02-15 00:00:00+00:00,-0.0060236017,1804587.3,0.13251628,0.13251628,6.8319388e-05
2021-02-16 00:00:00+00:00,-0.000142341,1804303.9,0.14443926,0.14443926,6.0291023e-05
2021-02-17 00:00:00+00:00,0.014188546,1830054.4,0.1433219,0.1433219,6.0944909e-05
2021-02-18 00:00:00+00:00,0.0073444056,1843525.5,0.16113104,0.16113104,7.7337817e-05
2021-02-19 00:00:00+00:00,0.018170885,1877243.5,0.18388891,0.18388891,8.3233237e-05
2021-02-20 00:00:00+00:00,-0.0022643165,1872882.4,0.19053689,0.19053689,8.090585e-05
2021-02-21 00:00:00+00:00,-8.1330979e-05,1872667.6,0.17565314,0.17565314,8.0053784e-05
2021-02-22 00:00:00+00:00,-0.0048225836,1863489.9,0.14886594,0.14886594,6.1827785e-05
2021-02-23 00:00:00+00:00,-0.015266849,1835153.4,0.053375166,0.048638086,3.0597417e-05
2021-02-24 00:00:00+00:00,0.0041545337,1842784.1,0.037974447,0.037649448,1.7692037e-05
2021-02-25 00:00:00+00:00,-0.0057047411,1832288.6,0.054543952,0.054121415,2.9001603e-05
2021-02-26 00:00:00+00:00,-0.00041913881,1831516,0.035084948,0.021589571,1.8083909e-05
2021-02-27 00:00:00+00:00,-0.0011502702,1829408.7,0.037872356,0.029873962,2.3675669e-05
2021-02-28 00:00:00+00:00,-0.00093821908,1827689.8,0.036785071,0.021702146,3.8397425e-05
2021-03-01 00:00:00+00:00,0.0044365691,1835810.3,0.049248925,0.04817336,3.4808387e-05
2021-03-02 00:00:00+00:00,-0.0021846669,1831796.3,0.066734901,0.060724781,2.8971284e-05
2021-03-03 00:00:00+00:00,0.0030657468,1837401.2,0.094685412,0.093606613,5.2199041e-05
2021-03-04 00:00:00+00:00,-0.0060708192,1826256.7,0.080641862,0.080498872,3.3716388e-05
2021-03-05 00:00:00+00:00,0.0016470589,1829263.7,0.055338823,0.05419075,2.9077476e-05
2021-03-06 00:00:00+00:00,-6.8777638e-05,1829136.6,0.048683932,0.046515329,2.8936267e-05
2021-03-07 00:00:00+00:00,0.0020910434,1832962.1,0.062833105,0.062833105,4.3349702e-05
2021-03-08 00:00:00+00:00,0.0023344218,1837230.7,0.074484648,0.074484648,4.4617012e-05
2021-03-09 00:00:00+00:00,0.0073398111,1850742.4,0.13880231,0.13880231,8.4188543e-05
2021-03-10 00:00:00+00:00,-0.0048484109,1841743.2,0.14849078,0.14849078,7.0733687e-05
2021-03-11 00:00:00+00:00,0.0026962733,1846685.4,0.12254752,0.12208807,6.3309168e-05
2021-03-12 00:00:00+00:00,-0.005412932,1836693.9,0.15199663,0.15190367,7.2624707e-05
2021-03-13 00:00:00+00:00,0.011081163,1857122.8,0.15399519,0.15239835,7.7190134e-05
2021-03-14 00:00:00+00:00,-0.0045425534,1848677,0.16234654,0.15890682,7.0142248e-05
2021-03-15 00:00:00+00:00,-0.010562551,1829222.6,0.12264939,0.11027733,5.9036092e-05
2021-03-16 00:00:00+00:00,0.0017659915,1832444.3,0.11102061,0.1074428,7.8463353e-05
2021-03-17 00:00:00+00:00,0.0029847699,1837903.2,0.14232776,0.14232776,8.6258683e-05
2021-03-18 00:00:00+00:00,-0.0058706186,1827115.5,0.1846465,0.1846465,8.1962962e-05
2021-03-19 00:00:00+00:00,0.0035665373,1833627.2,0.17788612,0.17788612,8.7968551e-05
2021-03-20 00:00:00+00:00,0.0037330085,1840452.6,0.2658427,0.2658427,0.00014162278
2021-03-21 00:00:00+00:00,-0.0077427304,1826211.7,0.18381868,0.18381868,9.712008e-05
2021-03-22 00:00:00+00:00,0.00026810593,1826662.2,0.14662836,0.141201,7.1100957e-05
2021-03-23 00:00:00+00:00,-0.0028568433,1821445.5,0.062964203,0.043479727,3.8576147e-05
2021-03-24 00:00:00+00:00,-0.0053591145,1811697.2,0.078646599,0.046176295,6.0289658e-05
2021-03-25 00:00:00+00:00,-0.00077960652,1810283.5,0.053119201,-0.01366551,4.116505e-05
2021-03-26 00:00:00+00:00,0.00068145043,1811513.9,0.062615333,0.021927627,4.6787502e-05
2021-03-27 00:00:00+00:00,-0.00013084022,1811267.7,0.086607273,0.080412197,7.9093176e-05
2021-03-28 00:00:00+00:00,-0.002651444,1806456.6,0.15950771,0.15950771,8.5941999e-05
2021-03-29 00:00:00+00:00,0.0065444747,1818297,0.21493769,0.21493769,0.00013902823
2021-03-30 00:00:00+00:00,0.016191799,1847894.7,0.3477623,0.3477623,0.00017158666
2021-03-31 00:00:00+00:00,-0.0011480452,1845658.8,0.2890912,0.2890912,0.00012784535
2021-04-01 00:00:00+00:00,0.012289925,1868431.8,0.28003731,0.28003731,0.00014852307
2021-04-02 00:00:00+00:00,0.012021467,1890963.4,0.33644718,0.33644718,0.00015609539
2021-04-03 00:00:00+00:00,-0.018407543,1856348.9,0.33156045,0.33156045,0.00014019353
2021-04-04 00:00:00+00:00,0.01110293,1877011.9,0.2802383,0.2802383,0.00013307384
2021-04-05 00:00:00+00:00,0.027982087,1930146.8,0.3219361,0.3219361,0.00016811089
2021-04-06 00:00:00+00:00,0.0053812072,1940409.9,0.30846843,0.30846843,0.000126957
2021-04-07 00:00:00+00:00,-0.011468017,1918123.4,0.20579051,0.20579051,8.797427e-05
2021-04-08 00:00:00+00:00,0.012109673,1941445.4,0.20202643,0.20202643,0.00011600184
2021-04-09 00:00:00+00:00,0.0069719365,1954962.1,0.27752099,0.27752099,0.00012772794
2021-04-10 00:00:00+00:00,0.021978722,1998274,0.28061497,0.28061497,0.0001224713
2021-04-11 00:00:00+00:00,0.0059068565,2010057.5,0.2666776,0.2666776,0.00013869675
2021-04-12 00:00:00+00:00,0.015118727,2040423.8,0.29981717,0.29981717,0.00013306429
2021-04-13 00:00:00+00:00,0.028145088,2098417,0.29671567,0.29671567,0.00014198716
2021-04-14 00:00:00+00:00,0.0051686134,2108888.7,0.30313788,0.30313788,0.00011910985
2021-04-15 00:00:00+00:00,0.019557958,2150368.9,0.28386202,0.28386202,0.00015201809
2021-04-16 00:00:00+00:00,-0.0018995773,2145998.8,0.25325659,0.25325659,0.00010983821
2021-04-17 00:00:00+00:00,-0.012439996,2119327.9,0.20830695,0.20830695,0.000104087
2021-04-18 00:00:00+00:00,-0.008630238,2100982.6,0.094686481,0.057486196,6.2879224e-05
2021-04-19 00:00:00+00:00,0.001752052,2104626.3,0.088981575,0.041785733,4.4779645e-05
2021-04-20 00:00:00+00:00,0.00049298504,2105634.9,0.080345047,0.027703618,4.4695354e-05
2021-04-21 00:00:00+00:00,-0.0016631961,2102117.2,0.10119476,0.048403824,5.540908e-05
2021-04-22 00:00:00+00:00,-0.0064027744,2088658.3,0.12702518,0.054147868,6.1436846e-05
2021-04-23 00:00:00+00:00,-0.0019449279,2084572.2,0.085200072,0.005288504,3.9702593e-05
2021-04-24 00:00:00+00:00,-1.847162e-05,2084526.7,0.086012996,0.016669559,4.7467983e-05
2021-04-25 00:00:00+00:00,0.00075893235,2086103.7,0.11479404,0.015773256,5.2270209e-05
2021-04-26 00:00:00+00:00,0.0012635271,2088732.3,0.09140686,0.052303375,4.9110702e-05
2021-04-27 00:00:00+00:00,0.0054006867,2100022.9,0.11097392,0.094433139,6.2129808e-05
2021-04-28 00:00:00+00:00,0.0027850581,2105840.5,0.13616536,0.13616536,6.4145077e-05
2021-04-29 00:00:00+00:00,0.00089350754,2107681,0.13850377,0.13454305,6.1395065e-05
2021-04-30 00:00:00+00:00,0.0081312365,2124864,0.15326053,0.15029489,7.7264152e-05
2021-05-01 00:00:00+00:00,0.006670518,2139064.9,0.17574306,0.17574306,7.3638591e-05
2021-05-02 00:00:00+00:00,0.00088111618,2140900.4,0.17653728,0.17653728,7.9470914e-05
2021-05-03 00:00:00+00:00,0.0042636734,2149893.6,0.18409512,0.18409512,8.030237e-05
2021-05-04 00:00:00+00:00,0.0054501739,2161523.2,0.13719691,0.13596281,6.3722543e-05
2021-05-05 00:00:00+00:00,0.0089843445,2180983.5,0.1219557,0.12059986,6.0347865e-05
2021-05-06 00:00:00+00:00,-0.0062238264,2167401.6,0.14251136,0.1416737,6.7828383e-05
2021-05-07 00:00:00+00:00,0.0061429249,2180732.7,0.1691084,0.1691084,7.872167e-05
2021-05-08 00:00:00+00:00,0.005672289,2193083.2,0.18320075,0.18320075,7.9540659e-05
2021-05-09 00:00:00+00:00,-0.00091703202,2190947.5,0.17851894,0.17851894,8.9984376e-05
2021-05-10 00:00:00+00:00,-0.010137478,2168760.3,0.15951484,0.1562041,6.2690215e-05
2021-05-11 00:00:00+00:00,0.0083544016,2186930,0.11134381,0.098176445,5.1821974e-05
2021-05-12 00:00:00+00:00,-0.011001898,2162859.8,0.13666389,0.11574319,8.4763838e-05
2021-05-13 00:00:00+00:00,-0.0015711825,2159454.4,0.075554947,0.0062016804,3.2615576e-05
2021-05-14 00:00:00+00:00,0.0030641743,2166075.4,0.10021869,0.012519172,6.0441457e-05
2021-05-15 00:00:00+00:00,-0.0024700912,2160726.2,0.11985627,0.011748072,5.3840124e-05
2021-05-16 00:00:00+00:00,-0.0039126845,2152282.1,0.11724399,0.010949948,5.5633208e-05
2021-05-17 00:00:00+00:00,-0.0016723611,2148676.7,0.081743461,-0.030896698,5.110097e-05
2021-05-18 00:00:00+00:00,0.0012239222,2151302.7,0.086140928,0.012472317,5.3589081e-05
2021-05-19 00:00:00+00:00,0.0080780768,2168536.5,0.078231045,-0.061285997,4.8367728e-05
2021-05-20 00:00:00+00:00,-0.011610739,2143473.6,0.041430171,-0.040950631,1.8268606e-05
2021-05-21 00:00:00+00:00,0.0071830769,2158826.8,0.062268175,-0.061240595,3.9787892e-05
2021-05-22 00:00:00+00:00,0.00065619467,2160200.6,0.073903806,-0.073903806,4.1214233e-05
2021-05-23 00:00:00+00:00,0.009382278,2180408.1,0.096134427,-0.096134427,4.5252682e-05
2021-05-24 00:00:00+00:00,-0.012562918,2153147.4,0.062616026,-0.057864715,2.9210563e-05
2021-05-25 00:00:00+00:00,-0.0012061211,2150543.3,0.045987843,-0.036895383,3.0068147e-05
2021-05-26 00:00:00+00:00,-0.0020384485,2146156.4,0.043618228,-0.035375271,2.0352785e-05
2021-05-27 00:00:00+00:00,-0.00062330174,2144817.3,0.038257627,-0.022456486,2.5064853e-05
2021-05-28 00:00:00+00:00,0.00064123527,2146183.9,0.041395678,-0.033677033,2.4595061e-05
2021-05-29 00:00:00+00:00,0.0045683194,2155993.8,0.056327041,-0.055610259,4.4993461e-05
2021-05-30 00:00:00+00:00,-0.0062444271,2142549,0.077481548,-0.077481548,3.434059e-05
2021-05-31 00:00:00+00:00,-0.008718236,2123922.5,0.076338569,-0.076338569,3.4112833e-05
2021-06-01 00:00:00+00:00,0.001590867,2127291.1,0.0623661,-0.061297128,3.4718565e-05
2021-06-02 00:00:00+00:00,-0.0012588599,2124611.9,0.049521276,-0.017942833,3.0397513e-05
2021-06-03 00:00:00+00:00,-0.00114726,2122174.2,0.051080885,0.014020373,2.7541284e-05
2021-06-04 00:00:00+00:00,-0.00094917414,2120159.9,0.042111909,-0.009500655,2.7808053e-05
2021-06-05 00:00:00+00:00,0.00035175133,2120903.9,0.050933724,-0.014662356,2.9321138e-05
2021-06-06 00:00:00+00:00,-0.00086657952,2119066.1,0.051615009,-0.014522557,3.0780922e-05
2021-06-07 00:00:00+00:00,0.0056057291,2130965.4,0.061502581,-0.038792683,5.2434559e-05
2021-06-08 00:00:00+00:00,0.0020021016,2135183.6,0.10566373,-0.10566373,4.771079e-05
2021-06-09 00:00:00+00:00,-0.0099126522,2114072.1,0.095079773,-0.092707601,4.4493616e-05
2021-06-10 00:00:00+00:00,0.0036914209,2121875,0.085999181,-0.084798702,5.4422236e-05
2021-06-11 00:00:00+00:00,0.0011314301,2124251.9,0.1243414,-0.1243414,5.6516428e-05
2021-06-12 00:00:00+00:00,-0.00016002199,2123868.9,0.14213599,-0.14213599,6.2419509e-05
2021-06-13 00:00:00+00:00,-0.0062726921,2110560.5,0.10527512,-0.10307381,4.86712e-05
2021-06-14 00:00:00+00:00,-0.0024345075,2105419.6,0.082293993,-0.073209516,4.8272966e-05
2021-06-15 00:00:00+00:00,0.0031521004,2112051,0.11122741,-0.1105521,5.8856178e-05
2021-06-16 00:00:00+00:00,0.0046127027,2121773.4,0.17710456,-0.17632248,0.00010277777
2021-06-17 00:00:00+00:00,0.0016094502,2125162.8,0.18565622,-0.18565622,0.00012012145
2021-06-18 00:00:00+00:00,0.0074306308,2140895.2,0.22584159,-0.22584159,0.00014717195
2021-06-19 00:00:00+00:00,0.0098934141,2162072.2,0.27593209,-0.27593209,0.00013221754
2021-06-20 00:00:00+00:00,-0.0046791839,2151631,0.3337717,-0.3337717,0.00012205663
2021-06-21 00:00:00+00:00,0.050573666,2262423.4,0.23338796,-0.23338796,9.9432634e-05
2021-06-22 00:00:00+00:00,-0.0063791507,2247532.7,0.1364024,-0.1364024,6.7577782e-05
2021-06-23 00:00:00+00:00,-0.0085075224,2228420.7,0.10285043,-0.10285043,5.4768423e-05
2021-06-24 00:00:00+00:00,-0.0093896869,2207534.3,0.15370822,-0.15370822,7.3363231e-05
2021-06-25 00:00:00+00:00,0.0142205,2238981.9,0.21333696,-0.21333696,0.00011836076
2021-06-26 00:00:00+00:00,0.0014499321,2242045.2,0.19488526,-0.19471091,9.0999739e-05
2021-06-27 00:00:00+00:00,-0.0093596254,2221044.8,0.12913876,-0.12861625,9.6443707e-05
2021-06-28 00:00:00+00:00,-0.0041823455,2211742,0.10478903,-0.10478903,4.8366796e-05
2021-06-29 00:00:00+00:00,-0.0046374261,2201485,0.093123437,-0.093123437,5.07826e-05
2021-06-30 00:00:00+00:00,0.0016817156,2205148.9,0.11334664,-0.11334664,4.9708496e-05
2021-07-01 00:00:00+00:00,0.0013758119,2208153.6,0.10068778,-0.10068778,5.225274e-05
2021-07-02 00:00:00+00:00,0.00070928817,2209690.9,0.14443755,-0.14443755,7.3416314e-05
2021-07-03 00:00:00+00:00,-0.004640864,2199430.1,0.16448761,-0.16448761,6.9883369e-05
2021-07-04 00:00:00+00:00,-0.0033654984,2192012.9,0.14383736,-0.14383736,7.3727297e-05
2021-07-05 00:00:00+00:00,0.0020792527,2196540.6,0.12508596,-0.12508596,5.6380578e-05
2021-07-06 00:00:00+00:00,-0.0019892197,2192165,0.064192768,-0.059085963,3.7731545e-05
2021-07-07 00:00:00+00:00,0.0029594886,2198656.6,0.064511439,-0.050559802,3.7105339e-05
2021-07-08 00:00:00+00:00,0.0072076721,2214509.9,0.13271625,-0.13146861,8.2120845e-05
2021-07-09 00:00:00+00:00,-0.011709499,2188696,0.1491299,-0.1491299,6.6506283e-05
2021-07-10 00:00:00+00:00,0.0023433345,2193817.4,0.12010746,-0.11885881,6.045841e-05
2021-07-11 00:00:00+00:00,-0.0025099203,2188305.5,0.1478931,-0.1476931,7.4554112e-05
2021-07-12 00:00:00+00:00,0.0066213011,2202818.8,0.21087631,-0.21087631,0.00012104787
2021-07-13 00:00:00+00:00,0.011730748,2228683.1,0.25361633,-0.25361633,0.00013753603
2021-07-14 00:00:00+00:00,-0.0082164867,2210270.6,0.24831578,-0.24831578,0.00010221083
2021-07-15 00:00:00+00:00,0.010795689,2234179.1,0.26738918,-0.26738918,0.00013964461
2021-07-16 00:00:00+00:00,0.0022648748,2239077.8,0.29867971,-0.29867971,0.00015031978
2021-07-17 00:00:00+00:00,-0.01010262,2216340.7,0.3329386,-0.3329386,0.00013756758
2021-07-18 00:00:00+00:00,0.0058476174,2229275.6,0.27890127,-0.27890127,0.00016671755
2021-07-19 00:00:00+00:00,0.011657632,2255287.3,0.32979276,-0.32979276,0.0001754222
2021-07-20 00:00:00+00:00,0.015628382,2290455.3,0.35513218,-0.35513218,0.00016289195
2021-07-21 00:00:00+00:00,-0.026646527,2230055.2,0.19611351,-0.19611351,9.8012265e-05
2021-07-22 00:00:00+00:00,-0.0016614053,2226346.2,0.060939453,-0.028860582,3.8795883e-05
2021-07-23 00:00:00+00:00,-0.0035230979,2218500.9,0.089314848,-0.080823204,9.0895564e-05
2021-07-24 00:00:00+00:00,-0.00025683597,2217930.3,0.08501246,-0.0080853245,4.7216609e-05
2021-07-25 00:00:00+00:00,0.0023073621,2223050.3,0.080074627,0.017218278,3.8867807e-05
2021-07-26 00:00:00+00:00,-0.0015050246,2219648.5,0.1264624,0.12386146,6.4165224e-05
2021-07-27 00:00:00+00:00,0.0018502433,2223746.4,0.086793197,0.072371917,5.0209698e-05
2021-07-28 00:00:00+00:00,0.00039789154,2224570.7,0.12621431,0.11180741,5.8060872e-05
2021-07-29 00:00:00+00:00,0.0031628872,2231611.3,0.1101058,0.088734572,5.434197e-05
2021-07-30 00:00:00+00:00,0.004349377,2241289.6,0.17550254,0.15493262,8.7717543e-05
2021-07-31 00:00:00+00:00,0.0032404742,2248542.4,0.17174934,0.13706518,0.000100605
2021-08-01 00:00:00+00:00,-0.0079545336,2230668.7,0.21716974,0.19975329,0.00011563134
2021-08-02 00:00:00+00:00,0.0017740246,2234608.9,0.14097866,0.10871724,6.5630181e-05
2021-08-03 00:00:00+00:00,-0.0032428574,2227365,0.12174768,0.081760578,5.1012105e-05
2021-08-04 00:00:00+00:00,0.0057534662,2240202.1,0.15093994,0.09265607,9.567684e-05
2021-08-05 00:00:00+00:00,0.00036533347,2241007.2,0.12951021,0.065512739,7.0633592e-05
2021-08-06 00:00:00+00:00,0.0033915543,2248612.3,0.12012952,0.056862114,7.4802954e-05
2021-08-07 00:00:00+00:00,0.013497128,2279084.1,0.22839497,0.22329118,0.00012854941
2021-08-08 00:00:00+00:00,-0.014954193,2245091,0.24307027,0.24307027,9.9184323e-05
2021-08-09 00:00:00+00:00,0.010779207,2269331.6,0.19291781,0.19291781,0.00010641725
2021-08-10 00:00:00+00:00,0.0069868758,2285127.9,0.24527502,0.24527502,0.00011551932
2021-08-11 00:00:00+00:00,0.011948772,2312430.6,0.29289825,0.29289825,0.00014425542
2021-08-12 00:00:00+00:00,-0.010300969,2288578.8,0.22462645,0.22462645,9.3648517e-05
2021-08-13 00:00:00+00:00,0.014289725,2321423,0.20953422,0.20953422,0.00010642693
2021-08-14 00:00:00+00:00,0.0063436526,2336039.2,0.24796993,0.24796993,9.9699862e-05
2021-08-15 00:00:00+00:00,0.0065295559,2351237.2,0.23698649,0.23698649,0.00013085317
2021-08-16 00:00:00+00:00,-0.012449681,2321966.7,0.27234195,0.27234195,0.00010863413
2021-08-17 00:00:00+00:00,-0.010797587,2296876.1,0.24096067,0.24096067,0.0001118069
2021-08-18 00:00:00+00:00,0.003524635,2304855,0.20234476,0.20234476,7.711018e-05
2021-08-19 00:00:00+00:00,0.010843505,2329920.1,0.17383434,0.17383434,9.4950159e-05
2021-08-20 00:00:00+00:00,0.0055258161,2342705.8,0.26679666,0.26679666,0.00013582922
2021-08-21 00:00:00+00:00,0.00017143223,2342976.7,0.27890649,0.27890649,0.00013044731
2021-08-22 00:00:00+00:00,0.00065629336,2344410.9,0.28994424,0.28994424,0.00013676425
2021-08-23 00:00:00+00:00,0.0085150011,2364320.8,0.33866854,0.33866854,0.0001491704
2021-08-24 00:00:00+00:00,-0.012853053,2333967.9,0.30649335,0.30649335,0.00012360065
2021-08-25 00:00:00+00:00,0.0055864875,2346930.1,0.19501944,0.19501944,8.2979783e-05
2021-08-26 00:00:00+00:00,-0.010821977,2321614.4,0.15829773,0.15575638,8.7010309e-05
2021-08-27 00:00:00+00:00,0.0077242077,2339585.8,0.18737311,0.1853752,0.00010573386
2021-08-28 00:00:00+00:00,-0.00049099071,2338419.8,0.18660533,0.18660533,8.0442499e-05
2021-08-29 00:00:00+00:00,-0.0061629133,2324025.8,0.18647675,0.1861808,0.00010916005
2021-08-30 00:00:00+00:00,-0.0057292564,2310703.6,0.18365949,0.17991447,0.00013818085
2021-08-31 00:00:00+00:00,0.0035944747,2318961.5,0.16781902,0.16720118,8.238152e-05
2021-09-01 00:00:00+00:00,0.017517532,2359850,0.22294325,0.22294325,0.00010895724
2021-09-02 00:00:00+00:00,-0.0055192965,2346772.7,0.27766795,0.27766795,0.00012237385
2021-09-03 00:00:00+00:00,0.010029095,2370332.7,0.28416574,0.28416574,0.00013739466
2021-09-04 00:00:00+00:00,-0.00025867575,2369665.9,0.30229431,0.30229431,0.00012960443
2021-09-05 00:00:00+00:00,0.0090285786,2391096.5,0.34297108,0.34297108,0.00016190344
2021-09-06 00:00:00+00:00,0.00063835438,2392529.4,0.35223564,0.35223564,0.00014475607
2021-09-07 00:00:00+00:00,-0.032499763,2315524.6,0.15894696,0.15126376,6.3286699e-05
2021-09-08 00:00:00+00:00,-0.00049722798,2314373.4,0.022599383,-3.8887421e-05,1.3460945e-05
2021-09-09 00:00:00+00:00,-0.00071960119,2312708.3,0.03984806,0.0030441703,2.3811823e-05
2021-09-10 00:00:00+00:00,0.00024550112,2313272,0.053496411,-0.022295251,3.5248506e-05
2021-09-11 00:00:00+00:00,-0.00012120782,2312989.7,0.058288225,-0.055054117,2.5986817e-05
2021-09-12 00:00:00+00:00,-0.0021214771,2308086,0.058624334,-0.010934887,5.2540264e-05
2021-09-13 00:00:00+00:00,-0.00099824745,2305782.4,0.030624936,0.0044738981,1.4703701e-05
2021-09-14 00:00:00+00:00,0.00010691304,2306028.9,0.039586198,-0.00051032566,3.9313008e-05
2021-09-15 00:00:00+00:00,0.00099747621,2308328,0.097995245,0.049562121,7.7176334e-05
2021-09-16 00:00:00+00:00,-0.00061787398,2306893.3,0.10372419,0.069843477,5.1349469e-05
2021-09-17 00:00:00+00:00,-0.001876963,2302563.7,0.073699053,0.052713892,3.5502209e-05
2021-09-18 00:00:00+00:00,-0.00011381228,2302299.4,0.089000313,0.069498128,4.3424159e-05
2021-09-19 00:00:00+00:00,0.00060874262,2303698.7,0.06664453,0.0099228257,3.5405444e-05
2021-09-20 00:00:00+00:00,0.01264663,2332943.3,0.10960769,-0.10899813,6.8945082e-05
2021-09-21 00:00:00+00:00,-0.0018364717,2328586.1,0.10896685,-0.10896685,6.2177368e-05
2021-09-22 00:00:00+00:00,-0.0086676857,2308460.3,0.089630958,-0.089630958,3.2367155e-05
2021-09-23 00:00:00+00:00,-0.0023413172,2303051.1,0.071741442,-0.071741442,3.2988949e-05
2021-09-24 00:00:00+00:00,0.0048588275,2314203.8,0.091032937,-0.091032937,4.6404512e-05
2021-09-25 00:00:00+00:00,0.0011723099,2316914.7,0.067798685,-0.067798685,4.1292078e-05
2021-09-26 00:00:00+00:00,-0.0034384798,2308885.9,0.072997035,-0.07043925,4.7641295e-05
2021-09-27 00:00:00+00:00,0.0020106647,2313520.7,0.068520083,-0.056398003,7.2074179e-05
2021-09-28 00:00:00+00:00,0.0019149722,2317923.4,0.1745406,-0.1745406,9.9301417e-05
2021-09-29 00:00:00+00:00,-0.010081133,2294627.5,0.14304292,-0.14304292,8.5574564e-05
2021-09-30 00:00:00+00:00,-0.0029287875,2287907.8,0.090575261,-0.090575261,4.8053892e-05
2021-10-01 00:00:00+00:00,-0.0016036517,2284238.1,0.069323142,-0.0003358741,4.6540548e-05
2021-10-02 00:00:00+00:00,-0.0011407991,2281628.1,0.079618591,0.061847214,5.8579528e-05
2021-10-03 00:00:00+00:00,0.00019087682,2282049.7,0.11901211,0.1085765,5.1207721e-05
2021-10-04 00:00:00+00:00,0.0018443659,2286241.5,0.11962523,0.11391064,7.345989e-05
2021-10-05 00:00:00+00:00,0.005231454,2298218,0.16407761,0.16407761,8.1832582e-05
2021-10-06 00:00:00+00:00,0.00070009353,2299771.6,0.14974785,0.14974785,6.7611619e-05
2021-10-07 00:00:00+00:00,-0.0002529762,2299175.1,0.11525034,0.11525034,7.8416935e-05
2021-10-08 00:00:00+00:00,-0.0016667255,2295307,0.17783525,0.17783525,7.8710514e-05
2021-10-09 00:00:00+00:00,0.0027891141,2301704,0.19780479,0.19780479,9.4681022e-05
2021-10-10 00:00:00+00:00,-0.0012771952,2298730.2,0.18110851,0.17656466,8.0093374e-05
2021-10-11 00:00:00+00:00,0.0011041414,2301252.9,0.17118648,0.15364614,8.6436966e-05
2021-10-12 00:00:00+00:00,-0.0020064019,2296623.9,0.15641279,0.1291547,8.1052162e-05
2021-10-13 00:00:00+00:00,0.0012356449,2299442.7,0.12921564,0.10698998,8.617769e-05
2021-10-14 00:00:00+00:00,-0.0004949582,2298288.2,0.19106686,0.18188997,0.00010564574
2021-10-15 00:00:00+00:00,0.0070230547,2314418.3,0.20111736,0.16395459,9.4759354e-05
2021-10-16 00:00:00+00:00,-0.0026433944,2308280.1,0.19803795,0.18827035,9.319217e-05
2021-10-17 00:00:00+00:00,0.0010582195,2310634.1,0.26696087,0.26389918,0.00013578569
2021-10-18 00:00:00+00:00,-0.0021826233,2305568,0.24065874,0.2399788,0.00010405779
2021-10-19 00:00:00+00:00,0.004755571,2316536.3,0.24611878,0.21005838,0.00013539416
2021-10-20 00:00:00+00:00,0.014174597,2349516.3,0.31353696,0.30479739,0.00015457359
2021-10-21 00:00:00+00:00,-0.010965119,2323777.2,0.28499067,0.28499067,0.00012846494
2021-10-22 00:00:00+00:00,-0.0045799877,2313093.5,0.22545593,0.22216317,0.00010688715
2021-10-23 00:00:00+00:00,0.0026821842,2319273.9,0.20219785,0.18923644,0.00010503876
2021-10-24 00:00:00+00:00,0.00048259666,2320354.6,0.23917608,0.21777694,0.00013080664
2021-10-25 00:00:00+00:00,0.0041193709,2329900.8,0.27122118,0.27122118,0.00011590227
2021-10-26 00:00:00+00:00,-0.0093274391,2308127.9,0.33114042,0.33114042,0.00018310907
2021-10-27 00:00:00+00:00,-0.010483897,2283986.4,0.16747509,0.14941456,7.7927345e-05
2021-10-28 00:00:00+00:00,0.0092974244,2305280.7,0.16704825,0.1392202,9.5626861e-05
2021-10-29 00:00:00+00:00,0.0050154019,2316820,0.22743529,0.22661009,0.00013241237
2021-10-30 00:00:00+00:00,-0.0024788557,2311039.6,0.25957945,0.25433315,0.00012816927
2021-10-31 00:00:00+00:00,-0.0035664935,2302775.9,0.2578241,0.24733544,0.00013432363
2021-11-01 00:00:00+00:00,-0.0017051688,2298763.6,0.25110176,0.24805211,0.0001340492
2021-11-02 00:00:00+00:00,0.011136028,2324458.6,0.28527291,0.28340941,0.00015015375
2021-11-03 00:00:00+00:00,-0.0001451222,2324018.9,0.28788412,0.28568615,0.00012880511
2021-11-04 00:00:00+00:00,-0.0064233513,2309081.4,0.2514233,0.24169651,0.00011675451
2021-11-05 00:00:00+00:00,0.012244356,2337448.6,0.28354163,0.28003463,0.00013224728
2021-11-06 00:00:00+00:00,0.0087899981,2357990.7,0.34686219,0.34252482,0.00022634355
2021-11-07 00:00:00+00:00,0.015827989,2395504.8,0.47942903,0.47942903,0.00021899079
2021-11-08 00:00:00+00:00,0.014007645,2429191.9,0.52331328,0.52331328,0.00022489302
2021-11-09 00:00:00+00:00,-0.013615939,2396192.6,0.55468521,0.55468521,0.00026639736
2021-11-10 00:00:00+00:00,-0.015589265,2358337.2,0.52733844,0.52714926,0.00019841756
2021-11-11 00:00:00+00:00,0.0035185411,2366604,0.29172733,0.29172733,0.00012972913
2021-11-12 00:00:00+00:00,-0.0062904439,2351619.3,0.33016644,0.32525049,0.00016067809
2021-11-13 00:00:00+00:00,0.0033738692,2359513.3,0.26812309,0.25102194,0.0001339785
2021-11-14 00:00:00+00:00,0.0002611061,2360089.7,0.25117223,0.24768318,0.00011460379
2021-11-15 00:00:00+00:00,-0.012630015,2330424.7,0.27958705,0.27698585,0.00017700642
2021-11-16 00:00:00+00:00,-0.0069063214,2314363.8,0.13022539,0.0089405014,0.00010233078
2021-11-17 00:00:00+00:00,-0.003188781,2306985.3,0.1041225,-0.052847222,5.5115734e-05
2021-11-18 00:00:00+00:00,0.0019773274,2311514.1,0.12770701,-0.096808315,0.00011162412
2021-11-19 00:00:00+00:00,-0.0057353691,2298239.7,0.14236587,-0.13296496,6.1402046e-05
2021-11-20 00:00:00+00:00,-0.00010441434,2297991.7,0.11612224,-0.063400437,6.5418202e-05
2021-11-21 00:00:00+00:00,-0.00097919064,2295741.1,0.12943084,0.01578855,7.7773807e-05
2021-11-22 00:00:00+00:00,-0.0014069401,2292500.1,0.18087896,-0.09770739,0.00010865407
2021-11-23 00:00:00+00:00,-0.0025503567,2286636.7,0.16019706,-0.05024628,8.9623057e-05
2021-11-24 00:00:00+00:00,-0.0016497374,2282863.4,0.16573799,-0.022523602,0.00010540076
2021-11-25 00:00:00+00:00,0.0044530831,2293040.7,0.21485607,-0.002902584,0.00011746482
2021-11-26 00:00:00+00:00,0.0033143529,2300597.7,0.18107553,-0.076491655,9.7131871e-05
2021-11-27 00:00:00+00:00,0.00032652431,2301341.8,0.18974747,-0.09116799,0.00012162954
2021-11-28 00:00:00+00:00,-0.0084737196,2281843.3,0.258925,-0.18625547,0.00012034451
2021-11-29 00:00:00+00:00,-0.0036685196,2273456.4,0.15804226,-0.02294915,8.7031281e-05
2021-11-30 00:00:00+00:00,0.0025766321,2279314.7,0.14363029,0.041620501,7.2686168e-05
2021-12-01 00:00:00+00:00,-0.0025630761,2273458.8,0.19663767,0.097793351,0.00011205453
2021-12-02 00:00:00+00:00,-0.0056973525,2260509.6,0.20173186,0.060012307,0.00010768957
2021-12-03 00:00:00+00:00,0.0011057601,2262992.3,0.2363235,0.044183979,0.00015471177
2021-12-04 00:00:00+00:00,0.025672165,2321018.6,0.19251799,-0.18911221,0.0001054156
2021-12-05 00:00:00+00:00,0.0058758599,2334587.4,0.1896512,-0.1896512,0.00013131325
2021-12-06 00:00:00+00:00,-0.014382392,2301018.5,0.2546448,-0.25374115,0.0001009941
2021-12-07 00:00:00+00:00,0.0008977455,2303040.8,0.19726217,-0.18559388,0.00010835519
2021-12-08 00:00:00+00:00,-0.0053011756,2290713.6,0.23371637,-0.21320535,0.00011038762
2021-12-09 00:00:00+00:00,0.00047318969,2291767.1,0.16813089,-0.096813137,0.00011095683
2021-12-10 00:00:00+00:00,0.0017669422,2295776.8,0.16966859,-0.15240384,9.5728835e-05
2021-12-11 00:00:00+00:00,-0.0060940124,2281811.5,0.15670896,-0.1533335,0.0001009225
2021-12-12 00:00:00+00:00,-0.0019337447,2277366.1,0.22892625,-0.22892625,0.00010258574
2021-12-13 00:00:00+00:00,0.016519455,2315121.3,0.29363987,-0.29363987,0.00015709743
2021-12-14 00:00:00+00:00,-0.017944503,2273558.8,0.28993849,-0.28950385,0.00011230834
2021-12-15 00:00:00+00:00,-0.0058854003,2260061.6,0.23233365,-0.23233365,9.3048398e-05
2021-12-16 00:00:00+00:00,0.0034238597,2267795.6,0.14929163,-0.14929163,8.0148215e-05
2021-12-17 00:00:00+00:00,0.0050668912,2279175.5,0.24822139,-0.24822139,0.00011551869
2021-12-18 00:00:00+00:00,-0.0023442632,2273815.1,0.11933523,-0.1153231,5.8725536e-05
2021-12-19 00:00:00+00:00,-0.00092769556,2271692.5,0.13112178,-0.12400539,9.6367894e-05
2021-12-20 00:00:00+00:00,0.00017611087,2272049.7,0.16716941,-0.16564781,9.1134426e-05
2021-12-21 00:00:00+00:00,-0.0043144009,2262253.1,0.13124594,-0.12453803,7.2552637e-05
2021-12-22 00:00:00+00:00,-0.00095576381,2260088,0.11507002,-0.080277747,6.976232e-05
2021-12-23 00:00:00+00:00,-0.0044310075,2250090.5,0.10498133,-0.059651327,5.2619082e-05
2021-12-24 00:00:00+00:00,-0.0023081158,2244900.4,0.046198837,0.020327125,3.793829e-05
2021-12-25 00:00:00+00:00,-0.00018864835,2244476.7,0.039104442,0.015566773,3.5864523e-05
2021-12-26 00:00:00+00:00,-0.00083765589,2242597.2,0.071242104,-0.0067574955,5.9322857e-05
2021-12-27 00:00:00+00:00,-0.0017173415,2238745.1,0.092287493,0.067498317,9.4437872e-05
2021-12-28 00:00:00+00:00,0.0011235667,2241246.4,0.14013033,-0.091480643,0.00016562641
2021-12-29 00:00:00+00:00,0.0095956545,2262725.1,0.29973262,-0.29973262,0.00017203584
2021-12-30 00:00:00+00:00,-0.0040425298,2253537.5,0.33209158,-0.33209158,0.00015828219
2021-12-31 00:00:00+00:00,-0.0034234209,2245626.1,0.32214707,-0.32214707,0.00017223189
2022-01-01 00:00:00+00:00,-0.0053487393,2233610.1,0.3092443,-0.3092443,0.00015891319
2022-01-02 00:00:00+00:00,-0.0028870459,2227111.3,0.34282869,-0.34282869,0.00014823352
2022-01-03 00:00:00+00:00,0.0020510727,2231669,0.18233432,-0.18233432,0.00018703923
2022-01-04 00:00:00+00:00,-0.003314118,2224236.8,0.27612216,-0.27612216,0.00016883238
2022-01-05 00:00:00+00:00,0.021445705,2272276.8,0.29807365,-0.29807365,0.0001905402
2022-01-06 00:00:00+00:00,0.0069612053,2287860.9,0.46644775,-0.46644775,0.00021404981
2022-01-07 00:00:00+00:00,0.011958659,2314480,0.48993309,-0.48993309,0.00021246603
2022-01-08 00:00:00+00:00,0.013503778,2345460.5,0.46455362,-0.46455362,0.00022152313
2022-01-09 00:00:00+00:00,-0.0018597204,2340856.5,0.45566626,-0.45566626,0.00018947556
2022-01-10 00:00:00+00:00,0.013647864,2372404.6,0.49667156,-0.49667156,0.00020263487
2022-01-11 00:00:00+00:00,-0.02530974,2312887.4,0.29994176,-0.29994176,0.0001210572
2022-01-12 00:00:00+00:00,-0.0081236852,2294142.9,0.19774021,-0.19774021,8.3318366e-05
2022-01-13 00:00:00+00:00,0.0010998797,2296641.1,0.15027594,-0.14907374,9.5120565e-05
2022-01-14 00:00:00+00:00,-0.0032711018,2289121.6,0.15817999,-0.13523292,7.644367e-05
2022-01-15 00:00:00+00:00,-0.00075605864,2287387,0.13852348,-0.11528136,7.6243921e-05
2022-01-16 00:00:00+00:00,0.00012817715,2287671,0.18077375,-0.15579422,9.7540726e-05
2022-01-17 00:00:00+00:00,0.0033918108,2295398.4,0.26540854,-0.26366849,0.00015960402
2022-01-18 00:00:00+00:00,0.0035443252,2303472,0.31378976,-0.31378976,0.00014393189
2022-01-19 00:00:00+00:00,0.0024148083,2308932.9,0.27470571,-0.27470571,0.00012117672
2022-01-20 00:00:00+00:00,0.0067812678,2324508.3,0.23442497,-0.23442497,0.00011516204
2022-01-21 00:00:00+00:00,0.029519959,2393758.2,0.22790049,-0.22790049,0.0001007893
2022-01-22 00:00:00+00:00,0.0089267039,2414713.7,0.23722373,-0.23722373,0.00010986823
2022-01-23 00:00:00+00:00,-0.0050377403,2402396.6,0.20959849,-0.20959849,0.00010881639
2022-01-24 00:00:00+00:00,0.0042912978,2412344.6,0.22268644,-0.22268644,8.6946814e-05
2022-01-25 00:00:00+00:00,-0.0052609698,2399616.8,0.18116298,-0.18116298,9.4257886e-05
2022-01-26 00:00:00+00:00,-0.0037815725,2390424.7,0.20464288,-0.20464288,8.641949e-05
2022-01-27 00:00:00+00:00,-0.0001540618,2389977.2,0.14690513,-0.14690513,7.9564721e-05
2022-01-28 00:00:00+00:00,-0.0033216395,2382014.4,0.16369501,-0.16369501,7.8596904e-05
2022-01-29 00:00:00+00:00,6.6080968e-05,2382149.1,0.15718341,-0.15718341,7.82645e-05
2022-01-30 00:00:00+00:00,0.006167202,2396840,0.1802038,-0.1802038,8.8407043e-05
2022-01-31 00:00:00+00:00,-0.0091976385,2374863.1,0.21564454,-0.21564454,8.3344045e-05
2022-02-01 00:00:00+00:00,-0.0029956755,2367739.5,0.17067051,-0.17067051,7.0856724e-05
2022-02-02 00:00:00+00:00,0.0062356617,2382511.3,0.17146198,-0.17146198,9.2015934e-05
2022-02-03 00:00:00+00:00,-0.0020218216,2377641.4,0.21362642,-0.21362642,9.3573816e-05
2022-02-04 00:00:00+00:00,-0.0099125984,2354155.2,0.12653419,-0.12513732,4.5926925e-05
2022-02-05 00:00:00+00:00,-0.00098644255,2351832.9,0.038841172,0.034576854,2.8469204e-05
2022-02-06 00:00:00+00:00,0.00024711613,2352413.1,0.03545962,0.033796451,1.8317757e-05
2022-02-07 00:00:00+00:00,0.0060426707,2366663.3,0.090573539,0.090242103,5.9833894e-05
2022-02-08 00:00:00+00:00,-0.00022244271,2366096.1,0.10928459,0.10928459,4.2417196e-05
2022-02-09 00:00:00+00:00,9.5589645e-05,2366312.4,0.090016587,0.090016587,4.7034647e-05
2022-02-10 00:00:00+00:00,-0.0049277749,2354659,0.087251677,0.080012758,5.1698242e-05
2022-02-11 00:00:00+00:00,-0.0017961336,2350429.9,0.056819489,0.024844254,3.6734876e-05
2022-02-12 00:00:00+00:00,-0.00037771295,2349539.2,0.079498524,-0.048658533,5.0760157e-05
2022-02-13 00:00:00+00:00,-0.0019316705,2344999.6,0.081158491,-0.057492409,4.5229223e-05
2022-02-14 00:00:00+00:00,-0.0016182591,2341202.7,0.087408321,-0.079826315,4.9534479e-05
2022-02-15 00:00:00+00:00,-0.0040038349,2331838.3,0.065563346,-0.014466079,5.4918268e-05
2022-02-16 00:00:00+00:00,-0.00018456668,2331406.7,0.076812911,0.041630311,5.2671689e-05
2022-02-17 00:00:00+00:00,-0.0033135567,2323689.8,0.06730697,0.032652899,4.068645e-05
2022-02-18 00:00:00+00:00,-0.00030750899,2322969.5,0.098970175,-0.085243581,7.1198925e-05
2022-02-19 00:00:00+00:00,0.00085976877,2324954.1,0.15313328,-0.13323553,9.1041913e-05
2022-02-20 00:00:00+00:00,0.0037228602,2333562.8,0.21900945,-0.21007217,0.00012303359
2022-02-21 00:00:00+00:00,0.0062483401,2348083.9,0.16044026,-0.15664642,9.088953e-05
2022-02-22 00:00:00+00:00,-0.004452758,2337602.2,0.16253582,-0.16253582,6.7300694e-05
2022-02-23 00:00:00+00:00,0.0062434036,2352200.4,0.16826668,-0.16826668,0.00010189915
2022-02-24 00:00:00+00:00,0.0018036469,2356159.8,0.17468907,-0.17468907,5.8669945e-05
2022-02-25 00:00:00+00:00,-0.0055574981,2343084,0.088249955,-0.088110683,4.2274231e-05
2022-02-26 00:00:00+00:00,0.00098178165,2345383.1,0.066063869,-0.06172647,3.1270809e-05
2022-02-27 00:00:00+00:00,0.0010536503,2347843.8,0.077895154,-0.072289399,5.5989792e-05
2022-02-28 00:00:00+00:00,-0.0060046499,2333771.8,0.070470912,-0.061827218,3.3481474e-05
2022-03-01 00:00:00+00:00,-0.00027740947,2333121,0.057624351,0.043684505,3.5726717e-05
2022-03-02 00:00:00+00:00,-0.00041570201,2332148.8,0.058006715,0.039312765,2.5394934e-05
2022-03-03 00:00:00+00:00,-2.7689422e-05,2332083.6,0.047826225,-0.00037920705,2.9004448e-05
2022-03-04 00:00:00+00:00,0.0016274555,2335880.6,0.055886837,-0.032863064,2.5680281e-05
2022-03-05 00:00:00+00:00,-0.0028148627,2329312.6,0.081351787,-0.077516696,4.862614e-05
2022-03-06 00:00:00+00:00,0.0062077163,2343793,0.1557626,-0.1557626,7.7346567e-05
2022-03-07 00:00:00+00:00,-0.00093431723,2341553.8,0.16492537,-0.16492537,8.2985984e-05
2022-03-08 00:00:00+00:00,-0.0014118639,2338238.9,0.10394077,-0.10394077,4.641598e-05
2022-03-09 00:00:00+00:00,-0.0037777652,2329411.2,0.071946536,-0.047086582,4.4788817e-05
2022-03-10 00:00:00+00:00,0.00013874383,2329732.7,0.066035155,-0.051439289,5.7222609e-05
2022-03-11 00:00:00+00:00,-0.0023962292,2324141.2,0.11537168,-0.11257697,8.1383556e-05
2022-03-12 00:00:00+00:00,0.00063273127,2325609.5,0.12454799,-0.11402508,6.2946099e-05
2022-03-13 00:00:00+00:00,0.0038938344,2334655.6,0.19810084,-0.16594388,0.00011690951
2022-03-14 00:00:00+00:00,-0.0063491472,2319849.3,0.17353687,-0.16167402,9.5814052e-05
2022-03-15 00:00:00+00:00,0.00035696591,2320652.7,0.19190609,-0.19190609,8.0047764e-05
2022-03-16 00:00:00+00:00,-0.0081109372,2301873.6,0.13677279,-0.12783161,7.0159438e-05
2022-03-17 00:00:00+00:00,0.00066108319,2303389.3,0.10527161,-0.09985675,5.1220699e-05
2022-03-18 00:00:00+00:00,-0.0025004187,2297634.3,0.11019619,-0.065246812,7.1187442e-05
2022-03-19 00:00:00+00:00,-0.0015983903,2293961.3,0.1320294,0.07534471,7.9281208e-05
2022-03-20 00:00:00+00:00,-0.0023068148,2288671,0.16010547,0.12005747,8.989319e-05
2022-03-21 00:00:00+00:00,0.00089838548,2290719.7,0.15257189,0.084117943,8.6708415e-05
2022-03-22 00:00:00+00:00,0.00096088589,2292904.4,0.1854729,0.15899797,0.0001034639
2022-03-23 00:00:00+00:00,0.0029835279,2299705.9,0.23746535,0.22639865,0.00014349928
2022-03-24 00:00:00+00:00,0.0033154232,2307280.6,0.36128723,0.36128723,0.00019303635
2022-03-25 00:00:00+00:00,-0.006606956,2291928.7,0.49015633,0.49015633,0.00024754258
2022-03-26 00:00:00+00:00,0.012151972,2319898.7,0.550069,0.550069,0.0002549775
2022-03-27 00:00:00+00:00,0.022982518,2373564.4,0.59773519,0.59773519,0.00027899607
2022-03-28 00:00:00+00:00,0.0067455733,2389155.1,0.63265536,0.63265536,0.00028916142
2022-03-29 00:00:00+00:00,-0.0021450297,2383847.6,0.53688956,0.53688956,0.00025405814
2022-03-30 00:00:00+00:00,0.0054879165,2396709.8,0.5668483,0.5668483,0.00024955038
2022-03-31 00:00:00+00:00,-0.02000943,2348956.2,0.44013671,0.44013671,0.00016189717
2022-04-01 00:00:00+00:00,0.0092958607,2370805.7,0.24361013,0.24361013,0.00012134517
2022-04-02 00:00:00+00:00,-0.0064169327,2355598.9,0.29057948,0.29057948,0.00016157641
2022-04-03 00:00:00+00:00,-0.0014298239,2352114.4,0.37464934,0.37464934,0.00023768179
2022-04-04 00:00:00+00:00,0.0014812197,2355488.5,0.39566758,0.39566758,0.00018091099
2022-04-05 00:00:00+00:00,-0.012549123,2325941.1,0.41053669,0.41053669,0.00021252649
2022-04-06 00:00:00+00:00,-0.012695452,2296537.3,0.23796941,0.22665914,0.00012990726
2022-04-07 00:00:00+00:00,-0.00047220448,2295451.2,0.069644817,0.034580631,5.3203511e-05
2022-04-08 00:00:00+00:00,0.00028053356,2296089.4,0.13518048,-0.02419134,0.00010570365
2022-04-09 00:00:00+00:00,-9.7531675e-05,2295860.2,0.1573643,-0.10495649,9.479774e-05
2022-04-10 00:00:00+00:00,0.0022073979,2300927.7,0.18150297,-0.10222152,0.0001232472
2022-04-11 00:00:00+00:00,0.016712382,2339573.3,0.2458241,-0.2434773,0.0001345989
2022-04-12 00:00:00+00:00,-0.0060459526,2325424.9,0.22093062,-0.21856145,0.00011161978
2022-04-13 00:00:00+00:00,-0.005138726,2313472.8,0.1692041,-0.16060036,8.1881343e-05
2022-04-14 00:00:00+00:00,8.6257912e-05,2313663.8,0.15363718,-0.11461703,0.00010075856
2022-04-15 00:00:00+00:00,-0.0050906409,2301908,0.15180939,-0.10346523,9.4179251e-05
2022-04-16 00:00:00+00:00,-0.00019343859,2301461.9,0.15227932,-0.09007078,9.1156009e-05
2022-04-17 00:00:00+00:00,0.001007076,2303777.7,0.1321315,-0.053661195,0.00011398861
2022-04-18 00:00:00+00:00,-0.0036804243,2295245.1,0.1899836,-0.18810547,6.9001123e-05
2022-04-19 00:00:00+00:00,-0.0015497775,2291688.1,0.075688938,-0.047689738,4.3659934e-05
2022-04-20 00:00:00+00:00,-0.0013134212,2288676.9,0.080529847,0.0087848644,7.1760248e-05
2022-04-21 00:00:00+00:00,-0.00051371839,2287498.1,0.11864583,-0.0055665827,8.9370326e-05
2022-04-22 00:00:00+00:00,0.0015142424,2290957.2,0.1458849,-0.1458849,9.5183566e-05
2022-04-23 00:00:00+00:00,0.0023171354,2296258.2,0.17685861,-0.17381589,0.00016823025
2022-04-24 00:00:00+00:00,0.014086135,2328669.9,0.41837266,-0.41837266,0.00018837013
2022-04-25 00:00:00+00:00,-0.01013561,2305010,0.25442022,-0.24428214,0.00010651966
2022-04-26 00:00:00+00:00,0.011578922,2331816.2,0.19453338,-0.16676986,0.00016619675
2022-04-27 00:00:00+00:00,-0.0075725918,2314123.5,0.31598286,-0.31476907,0.00013017317
2022-04-28 00:00:00+00:00,-0.0029948856,2307165.7,0.22039025,-0.21918495,8.6397447e-05
2022-04-29 00:00:00+00:00,0.0073561068,2324142.7,0.25676936,-0.24305484,0.00018259731
2022-04-30 00:00:00+00:00,0.017410474,2364701.6,0.38487377,-0.38371302,0.00023926581
2022-05-01 00:00:00+00:00,-0.017522405,2323431.4,0.41394805,-0.41394805,0.00017558645
2022-05-02 00:00:00+00:00,0.00043598648,2324377.9,0.27418541,-0.27418541,0.00014308993
2022-05-03 00:00:00+00:00,0.0045319258,2334875.6,0.39227428,-0.39227428,0.00022663106
2022-05-04 00:00:00+00:00,-0.019165644,2290412.1,0.34404892,-0.34404892,0.00011521149
2022-05-05 00:00:00+00:00,0.012246629,2318567,0.16421274,-0.16421274,0.00013645833
2022-05-06 00:00:00+00:00,-5.0800525e-06,2318520.9,0.22223618,-0.22223618,0.00014697078
2022-05-07 00:00:00+00:00,0.012024462,2346388.1,0.39202661,-0.39202661,0.00019517551
2022-05-08 00:00:00+00:00,0.0093543662,2368269.4,0.46291318,-0.46291318,0.00019000067
2022-05-09 00:00:00+00:00,0.054601958,2499946.5,0.43152692,-0.43152692,0.00020161467
2022-05-10 00:00:00+00:00,-0.013436818,2466143.6,0.26552752,-0.26552752,0.00011830981
2022-05-11 00:00:00+00:00,0.014822414,2501915.9,0.1588739,-0.1588739,7.8883908e-05
2022-05-12 00:00:00+00:00,0.0020351834,2506749,0.11197938,-0.11197938,4.969187e-05
2022-05-13 00:00:00+00:00,-0.0051430956,2493811.3,0.10754347,-0.10754347,6.3963888e-05
2022-05-14 00:00:00+00:00,-0.0012391807,2490632.1,0.17444644,-0.17444644,7.9865603e-05
2022-05-15 00:00:00+00:00,-0.0074462026,2472098.4,0.18171793,-0.18171793,7.9073039e-05
2022-05-16 00:00:00+00:00,0.0054406869,2485490.4,0.16876283,-0.16876283,7.4058182e-05
2022-05-17 00:00:00+00:00,-0.0024192204,2479466.9,0.1149052,-0.1149052,6.5432406e-05
2022-05-18 00:00:00+00:00,0.010699636,2506083.4,0.1743181,-0.1743181,8.4157884e-05
2022-05-19 00:00:00+00:00,-0.0076170069,2487009.3,0.16454371,-0.16454371,6.5999402e-05
2022-05-20 00:00:00+00:00,0.0044130921,2497964.6,0.16040515,-0.16040515,7.5588857e-05
2022-05-21 00:00:00+00:00,-0.0023621298,2492062.5,0.17635351,-0.17635351,7.5679324e-05
2022-05-22 00:00:00+00:00,-0.0052068572,2479090,0.18801766,-0.18801766,7.8621251e-05
2022-05-23 00:00:00+00:00,0.0035455129,2487871,0.14485459,-0.14485459,6.4255292e-05
2022-05-24 00:00:00+00:00,-0.0010107894,2485336.4,0.13555106,-0.13555106,5.9190486e-05
2022-05-25 00:00:00+00:00,2.781505e-05,2485392.1,0.12550449,-0.1239434,5.6283897e-05
2022-05-26 00:00:00+00:00,0.0050605743,2497977.5,0.10204652,-0.100488,5.3772372e-05
2022-05-27 00:00:00+00:00,-0.0013967651,2494437.4,0.1410232,-0.1410232,6.8486607e-05
2022-05-28 00:00:00+00:00,-0.0011835971,2491476.9,0.14824052,-0.14824052,6.8206728e-05
2022-05-29 00:00:00+00:00,-0.0019122696,2486704.9,0.1869366,-0.1869366,9.5698055e-05
2022-05-30 00:00:00+00:00,-0.01240977,2455991.9,0.13517731,-0.13517731,6.0665018e-05
2022-05-31 00:00:00+00:00,-0.00071580953,2454222.7,0.09973928,-0.09973928,5.4009205e-05
2022-06-01 00:00:00+00:00,0.0087502145,2475764.2,0.12247104,-0.12247104,8.4194387e-05
2022-06-02 00:00:00+00:00,-0.0040989335,2465621.5,0.18906621,-0.18906621,8.7624026e-05
2022-06-03 00:00:00+00:00,0.0056085908,2479439.8,0.23774536,-0.23774536,0.00012927629
2022-06-04 00:00:00+00:00,-0.0024377474,2473366.6,0.31838764,-0.31838764,0.00016587207
2022-06-05 00:00:00+00:00,-0.0077039139,2454294.4,0.40137479,-0.40137479,0.00017755807
2022-06-06 00:00:00+00:00,0.0040149837,2464024.4,0.29168495,-0.29168495,0.00011412348
2022-06-07 00:00:00+00:00,-0.0080213367,2444273.6,0.22916766,-0.22916766,9.1568093e-05
2022-06-08 00:00:00+00:00,0.0027905115,2451055.3,0.19459535,-0.19459535,8.3461638e-05
2022-06-09 00:00:00+00:00,0.0012401419,2454080.8,0.19626536,-0.19626536,0.00010077108
2022-06-10 00:00:00+00:00,0.0057608575,2468190,0.21759764,-0.21759764,0.00010979062
2022-06-11 00:00:00+00:00,0.013835834,2502415.8,0.2254656,-0.2254656,0.00011534904
2022-06-12 00:00:00+00:00,0.02091466,2554954.9,0.23990726,-0.23990726,0.00011879454
2022-06-13 00:00:00+00:00,0.041800762,2663201.3,0.27942848,-0.27942848,0.00012870346
2022-06-14 00:00:00+00:00,-0.0066981465,2644792.5,0.19569103,-0.19569103,0.00010099363
2022-06-15 00:00:00+00:00,-0.014206757,2606993,0.20403036,-0.20403036,8.4529596e-05
2022-06-16 00:00:00+00:00,0.016674341,2650727.1,0.17768804,-0.17768804,9.3191349e-05
2022-06-17 00:00:00+00:00,-0.0051433821,2637002.8,0.20133818,-0.20133818,8.7960318e-05
2022-06-18 00:00:00+00:00,0.015282924,2677293.1,0.19551969,-0.19551969,8.6832011e-05
2022-06-19 00:00:00+00:00,-0.013140309,2642123.6,0.13894542,-0.13894542,5.6492459e-05
2022-06-20 00:00:00+00:00,-0.0034213496,2633063,0.10811754,-0.10811754,5.63986e-05
2022-06-21 00:00:00+00:00,-0.0029470781,2625260.8,0.12346157,-0.12346157,5.7302834e-05
2022-06-22 00:00:00+00:00,0.00052339299,2626581.2,0.13313946,-0.13313946,6.146148e-05
2022-06-23 00:00:00+00:00,-0.004605074,2614494.5,0.10993518,-0.10993518,4.3538975e-05
2022-06-24 00:00:00+00:00,-0.0039983191,2604051.6,0.07928659,-0.07928659,4.0812902e-05
2022-06-25 00:00:00+00:00,-0.00092249212,2601638.3,0.081091529,-0.081091529,3.5629526e-05
2022-06-26 00:00:00+00:00,0.00069919701,2603453,0.065497738,-0.065183902,3.0801286e-05
2022-06-27 00:00:00+00:00,-0.00062336154,2601829.3,0.058094012,-0.046307372,3.3359115e-05
2022-06-28 00:00:00+00:00,0.0013712417,2605395.7,0.056804146,-0.054753078,3.5696141e-05
2022-06-29 00:00:00+00:00,0.002877505,2612890.4,0.10186517,-0.10186517,5.7411536e-05
2022-06-30 00:00:00+00:00,-0.0015355406,2608802.7,0.1314736,-0.1314736,5.823292e-05
2022-07-01 00:00:00+00:00,0.0042096642,2619789.4,0.096561694,-0.096561694,4.2294059e-05
2022-07-02 00:00:00+00:00,-0.0010677271,2616988.9,0.11341079,-0.11341079,4.9155272e-05
2022-07-03 00:00:00+00:00,-0.0021150064,2611448.6,0.12559581,-0.12559581,6.1370822e-05
2022-07-04 00:00:00+00:00,-0.0053301907,2597545.2,0.10810086,-0.10810086,4.4842867e-05
2022-07-05 00:00:00+00:00,-0.00071618157,2595673.2,0.085175759,-0.085175759,4.4674969e-05
2022-07-06 00:00:00+00:00,-0.0017263016,2591190,0.084599305,-0.084599305,3.3989631e-05
2022-07-07 00:00:00+00:00,-0.0020129249,2585976.7,0.049582016,-0.049582016,1.9816976e-05
2022-07-08 00:00:00+00:00,0.0003322246,2586832.5,0.042157663,-0.041838886,2.806336e-05
2022-07-09 00:00:00+00:00,0.00031262601,2587638.9,0.06894538,-0.06894538,3.8633546e-05
2022-07-10 00:00:00+00:00,0.0034011687,2596445.6,0.13619266,-0.13619266,8.4385155e-05
2022-07-11 00:00:00+00:00,0.0094782325,2621131.4,0.1642581,-0.1642581,8.9994447e-05
2022-07-12 00:00:00+00:00,0.0045182138,2632939.8,0.23639556,-0.23639556,0.00012184764
2022-07-13 00:00:00+00:00,-0.0075698618,2612970.2,0.1773936,-0.1773936,7.8558044e-05
2022-07-14 00:00:00+00:00,-0.0026954878,2605917.9,0.077881473,-0.077881473,3.6916338e-05
2022-07-15 00:00:00+00:00,-0.0013392486,2602426.8,0.039909523,-0.026605679,2.571088e-05
2022-07-16 00:00:00+00:00,0.0010356515,2605121.8,0.054300649,0.0064717426,4.3890245e-05
2022-07-17 00:00:00+00:00,-0.00098600565,2602542.1,0.082936416,0.080993131,3.7013175e-05
2022-07-18 00:00:00+00:00,0.00795021,2623262.5,0.13486013,0.13452875,6.8343565e-05
2022-07-19 00:00:00+00:00,0.0012874702,2626614.6,0.13397477,0.13397477,7.0439464e-05
2022-07-20 00:00:00+00:00,-0.0013642081,2622970.3,0.1470782,0.1470782,5.6653606e-05
2022-07-21 00:00:00+00:00,0.00092785059,2625390.3,0.071795421,0.071795421,2.9122316e-05
2022-07-22 00:00:00+00:00,-0.0028680118,2617851.4,0.088763646,0.088763646,4.6936548e-05
2022-07-23 00:00:00+00:00,-0.00037275579,2616873.5,0.049179672,0.035903631,2.6290085e-05
2022-07-24 00:00:00+00:00,0.00029924182,2617654.7,0.036246991,0.024006026,2.4230052e-05
2022-07-25 00:00:00+00:00,0.0016572706,2621993.8,0.077310859,-0.044750425,5.0670639e-05
2022-07-26 00:00:00+00:00,-0.0022915377,2615986.6,0.096551076,-0.084067657,6.0980297e-05
2022-07-27 00:00:00+00:00,-0.00256098,2609288.7,0.078675546,-0.042436099,4.4886355e-05
2022-07-28 00:00:00+00:00,0.0028554153,2616737.4,0.068685525,0.063008,4.2460665e-05
2022-07-29 00:00:00+00:00,0.0012807455,2620071.9,0.090538077,0.090538077,3.9326181e-05
2022-07-30 00:00:00+00:00,5.2545498e-05,2620172.1,0.13182494,0.13182494,6.4094341e-05
2022-07-31 00:00:00+00:00,-0.0027891407,2612854.8,0.14053,0.14053,7.6248685e-05
2022-08-01 00:00:00+00:00,-0.0031914853,2604506.3,0.13307286,0.13307286,4.9788823e-05
2022-08-02 00:00:00+00:00,-0.0012863334,2601153.7,0.05961362,0.039180906,3.9998382e-05
2022-08-03 00:00:00+00:00,0.0012074315,2604295.4,0.065793897,0.014686033,4.245196e-05
2022-08-04 00:00:00+00:00,-0.00048017634,2603042.3,0.091711264,0.0066664422,6.2541592e-05
2022-08-05 00:00:00+00:00,0.00022556486,2603628.1,0.080451881,0.026639338,5.1352867e-05
2022-08-06 00:00:00+00:00,-0.0022383701,2597801.5,0.10518357,0.093144087,5.97804e-05
2022-08-07 00:00:00+00:00,0.003421418,2606700.2,0.11311922,0.096625249,6.4346048e-05
2022-08-08 00:00:00+00:00,0.0019843775,2611853.2,0.16509187,0.16509187,8.1250219e-05
2022-08-09 00:00:00+00:00,-0.0062709962,2595496.9,0.15541999,0.15541999,7.8997138e-05
2022-08-10 00:00:00+00:00,0.0070359591,2613780.8,0.11685186,0.11685186,6.9382418e-05
2022-08-11 00:00:00+00:00,-0.0020038183,2608520.6,0.15838849,0.15838849,8.6174146e-05
2022-08-12 00:00:00+00:00,0.0045059344,2620262.4,0.22338942,0.22338942,0.00012636706
2022-08-13 00:00:00+00:00,0.00078967536,2622293,0.296003,0.296003,0.00015316809
2022-08-14 00:00:00+00:00,0.00064107162,2623885.6,0.34887531,0.34887531,0.00016111784
2022-08-15 00:00:00+00:00,-0.0064794946,2606741.6,0.25391973,0.25391973,0.00010856991
2022-08-16 00:00:00+00:00,0.0031494666,2614925.3,0.23968867,0.23968867,0.00014032446
2022-08-17 00:00:00+00:00,-0.0098620282,2589088.8,0.25908165,0.25908165,0.00012522189
2022-08-18 00:00:00+00:00,-0.0077319449,2569103.9,0.2010854,0.2010854,0.00010424964
2022-08-19 00:00:00+00:00,0.00028812443,2569829.4,0.13953884,-0.088654045,0.00011340342
2022-08-20 00:00:00+00:00,-0.00039934392,2568761.9,0.18460787,-0.18460787,0.00011474949
2022-08-21 00:00:00+00:00,-0.0044306156,2557383.3,0.22981842,-0.21064641,9.1170835e-05
2022-08-22 00:00:00+00:00,-0.0019107091,2552441.2,0.26454288,-0.23581705,0.00015065064
2022-08-23 00:00:00+00:00,-0.001504039,2548551.6,0.23754819,-0.20438102,0.00010534269
2022-08-24 00:00:00+00:00,-0.00061951014,2546969.4,0.16769804,-0.015098192,0.00010450595
2022-08-25 00:00:00+00:00,-0.00094011474,2544566.6,0.17028973,0.088676534,9.4373865e-05
2022-08-26 00:00:00+00:00,-0.0018980059,2539724.5,0.13177469,0.001022373,0.00012946301
2022-08-27 00:00:00+00:00,0.0016303261,2543836.4,0.23679398,-0.23679398,0.00018061112
2022-08-28 00:00:00+00:00,0.010098891,2569527.9,0.39734847,-0.39734847,0.00018601101
2022-08-29 00:00:00+00:00,-0.015926159,2528836.3,0.3827496,-0.3827496,0.0001486274
2022-08-30 00:00:00+00:00,0.003473334,2537450.4,0.33484186,-0.33484186,0.00017940311
2022-08-31 00:00:00+00:00,-0.0010802757,2534661.5,0.26567447,-0.26226623,0.00011566566
2022-09-01 00:00:00+00:00,-0.00321092,2526507.2,0.24497803,-0.22774303,0.0001092334
2022-09-02 00:00:00+00:00,-0.0013034678,2523209.9,0.20797154,-0.12265422,0.0001325569
2022-09-03 00:00:00+00:00,-0.0018960009,2518426.2,0.18131724,-0.1211406,0.00012935608
2022-09-04 00:00:00+00:00,-0.0027801246,2511405.4,0.31278695,-0.28167625,0.00018739717
2022-09-05 00:00:00+00:00,-0.0039701386,2501396.9,0.33042873,-0.2931193,0.00017587592
2022-09-06 00:00:00+00:00,0.0067067867,2518208.7,0.190893,-0.1200111,0.00016959246
2022-09-07 00:00:00+00:00,-0.011568064,2489189.9,0.26852744,-0.26477478,0.00012625937
2022-09-08 00:00:00+00:00,-0.0025732395,2482753.6,0.2849621,-0.24677604,0.00014045816
2022-09-09 00:00:00+00:00,-0.0045031637,2471574.9,0.18170245,0.059418948,0.0001379918
2022-09-10 00:00:00+00:00,0.004048375,2481552.2,0.2490347,0.23659844,0.00014223233
2022-09-11 00:00:00+00:00,-0.0061659167,2466202.9,0.33482244,0.32651885,0.0001646541
2022-09-12 00:00:00+00:00,0.00065702376,2467696.3,0.30812866,0.30812866,0.00011496514
2022-09-13 00:00:00+00:00,-0.0072548227,2449747.4,0.143398,0.089648836,6.5032035e-05
2022-09-14 00:00:00+00:00,-0.0028201056,2442833.2,0.13284243,-0.12666694,0.00013280085
2022-09-15 00:00:00+00:00,0.0081729838,2462772.3,0.32169758,-0.32169758,0.00018926708
2022-09-16 00:00:00+00:00,-0.0078812314,2443318.1,0.41055054,-0.40972723,0.00019064644
2022-09-17 00:00:00+00:00,-0.0025740776,2436997.4,0.3751454,-0.34516062,0.00015742743
2022-09-18 00:00:00+00:00,0.011252223,2464485,0.37592756,-0.28403189,0.00018063507
2022-09-19 00:00:00+00:00,-0.0025305648,2458088.2,0.28175436,-0.25659795,0.00012694733
2022-09-20 00:00:00+00:00,0.0046616669,2469524.8,0.29162928,-0.20682012,0.00015589224
2022-09-21 00:00:00+00:00,-0.0029531629,2462195.1,0.24008982,-0.13610008,0.00015657984
2022-09-22 00:00:00+00:00,-0.0016698059,2458056.2,0.22874092,-0.13944631,0.00010173526
2022-09-23 00:00:00+00:00,0.00059301165,2459454.1,0.25470627,-0.14129134,0.00014773496
2022-09-24 00:00:00+00:00,-0.0034684205,2450926.7,0.23354029,-0.022966592,0.0001337799
2022-09-25 00:00:00+00:00,0.0031384694,2458611.8,0.27894915,-0.1466977,0.00015708764
2022-09-26 00:00:00+00:00,-0.011297895,2430949.4,0.25374986,-0.14672727,0.00015134203
2022-09-27 00:00:00+00:00,-0.0070833375,2413765,0.16225993,0.0066525932,0.00011175031
2022-09-28 00:00:00+00:00,-0.0025183498,2407670.8,0.16032677,-0.11869916,8.752257e-05
2022-09-29 00:00:00+00:00,0.0001260665,2407948.9,0.20356719,-0.12768089,0.00012664469
2022-09-30 00:00:00+00:00,-0.0027099261,2401424,0.18146993,-0.031683224,0.00010115722
2022-10-01 00:00:00+00:00,0.00041094535,2402407.4,0.1915378,-0.017532919,0.00014438541
2022-10-02 00:00:00+00:00,0.0015745635,2406178.5,0.36243812,-0.20579535,0.00020107106
2022-10-03 00:00:00+00:00,-0.00350922,2397740.7,0.25372745,0.0305527,0.00014549193
2022-10-04 00:00:00+00:00,-9.4081253e-05,2397495.3,0.2468257,0.087832893,0.00016869103
2022-10-05 00:00:00+00:00,-0.00062368725,2395990.1,0.25763433,0.1251804,0.00014418427
2022-10-06 00:00:00+00:00,-0.0063222972,2380866.9,0.26171745,0.19156387,0.00011005416
2022-10-07 00:00:00+00:00,0.0011673847,2383635.6,0.14561758,0.053071213,9.8628837e-05
2022-10-08 00:00:00+00:00,0.00088881347,2385743.4,0.23147437,-0.099950205,0.00016135611
2022-10-09 00:00:00+00:00,0.00075636658,2387535.1,0.45189414,-0.29584605,0.00025221442
2022-10-10 00:00:00+00:00,0.011555389,2415190,0.55985502,-0.41842922,0.00028594879
2022-10-11 00:00:00+00:00,-0.0079225243,2396039.4,0.61370922,-0.53543601,0.00027195992
2022-10-12 00:00:00+00:00,-0.0012257399,2393072.9,0.62509288,-0.51448651,0.00033017921
2022-10-13 00:00:00+00:00,0.0063109921,2407456.3,0.62207274,-0.57089258,0.00023541473
2022-10-14 00:00:00+00:00,-0.0010896822,2404796.7,0.26666962,-0.2025574,0.00023261505
2022-10-15 00:00:00+00:00,0.0007270032,2406509.4,0.48720044,-0.41829439,0.00023867785
2022-10-16 00:00:00+00:00,-0.0074498364,2388594.9,0.47644109,-0.34611451,0.00022964253
2022-10-17 00:00:00+00:00,-0.0057506375,2374889.5,0.36010188,-0.25241151,0.00015835179
2022-10-18 00:00:00+00:00,-0.0012823121,2371818.9,0.28895272,-0.17874762,0.00023856788
2022-10-19 00:00:00+00:00,0.0023473605,2377370.1,0.31257096,-0.2576517,0.00014016347
2022-10-20 00:00:00+00:00,-0.0034876546,2369056.2,0.40960852,-0.37990896,0.00021712483
2022-10-21 00:00:00+00:00,-0.0045254466,2358280.1,0.38872982,-0.38742488,0.00018205986
2022-10-22 00:00:00+00:00,-0.0017953269,2354044.7,0.35742493,-0.33500214,0.00025936933
2022-10-23 00:00:00+00:00,-0.0098307237,2330940.4,0.54098641,-0.53855843,0.00027453404
2022-10-24 00:00:00+00:00,0.0015154637,2334467.9,0.2336688,-0.22759778,0.0001654402
2022-10-25 00:00:00+00:00,0.0049728791,2345959,0.25363481,0.11255583,0.00035350675
2022-10-26 00:00:00+00:00,0.024293216,2403433.7,0.54614637,0.54614637,0.00029742709
2022-10-27 00:00:00+00:00,-0.00584403,2388901,0.64309204,0.64309204,0.00027689817
2022-10-28 00:00:00+00:00,0.018038249,2432072.8,0.56589185,0.56589185,0.00027885595
2022-10-29 00:00:00+00:00,0.035658371,2519383.9,0.58360469,0.58360469,0.00026064104
2022-10-30 00:00:00+00:00,0.0031604646,2527086.8,0.54288854,0.54288854,0.00022658827
2022-10-31 00:00:00+00:00,0.0059535701,2541715.3,0.34913765,0.3485146,0.00014331038
2022-11-01 00:00:00+00:00,0.0071526426,2559819,0.3099253,0.3099253,0.00021708107
2022-11-02 00:00:00+00:00,-0.013295512,2525787.6,0.43012711,0.43012711,0.00016226732
2022-11-03 00:00:00+00:00,0.0031866693,2533767.6,0.24969923,0.24969923,0.00011479809
2022-11-04 00:00:00+00:00,0.018996916,2582059.7,0.30727154,0.30727154,0.00016532762
2022-11-05 00:00:00+00:00,-0.006842024,2564406.4,0.39200769,0.39200769,0.00026764516
2022-11-06 00:00:00+00:00,-0.019808123,2513857.8,0.59682168,0.59682168,0.00030146292
2022-11-07 00:00:00+00:00,-0.0058459247,2499025.1,0.32667046,0.32667046,0.00015998107
2022-11-08 00:00:00+00:00,-0.0081160626,2478727.1,0.095744556,0.021539058,9.9067516e-05
2022-11-09 00:00:00+00:00,0.01369765,2512678,0.13147983,-0.1242072,9.3021365e-05
2022-11-10 00:00:00+00:00,-0.020503548,2461420.7,0.14627322,-0.14529836,5.4758118e-05
2022-11-11 00:00:00+00:00,0.0019137825,2466087.7,0.12331008,-0.12194438,8.7381419e-05
2022-11-12 00:00:00+00:00,0.0018775678,2470699.4,0.19744736,-0.19744736,0.00010510111
2022-11-13 00:00:00+00:00,0.010763782,2497386.4,0.25729136,-0.25695245,0.00011640199
2022-11-14 00:00:00+00:00,-0.0078127725,2477684.7,0.15180223,-0.14794393,6.4565809e-05
2022-11-15 00:00:00+00:00,-0.00030137241,2476929.8,0.093842585,-0.085940535,7.8362035e-05
2022-11-16 00:00:00+00:00,0.0015697304,2480806.7,0.17185754,-0.15868314,8.7896932e-05
2022-11-17 00:00:00+00:00,-0.0023612373,2474928.8,0.19864124,-0.19115299,8.9262142e-05
2022-11-18 00:00:00+00:00,0.0010854328,2477613.9,0.14174971,-0.12842085,6.6998592e-05
2022-11-19 00:00:00+00:00,-0.002313376,2471885,0.18777197,-0.1708748,0.0001130623
2022-11-20 00:00:00+00:00,0.010211953,2497203.3,0.22162042,-0.21045099,0.00011482437
2022-11-21 00:00:00+00:00,0.0038232934,2506706,0.23486126,-0.23486126,0.00010648632
2022-11-22 00:00:00+00:00,-0.0072773173,2488437.8,0.20291241,-0.20276434,8.3744271e-05
2022-11-23 00:00:00+00:00,-0.005132377,2475680.3,0.10801675,-0.082465695,5.6672529e-05
2022-11-24 00:00:00+00:00,-0.00080737065,2473680.7,0.10717361,-0.050886617,7.6450908e-05
2022-11-25 00:00:00+00:00,0.00094189277,2476007.5,0.15743074,-0.060547424,8.0308383e-05
2022-11-26 00:00:00+00:00,-0.00034190424,2475158.6,0.14528832,0.022275039,8.2387024e-05
2022-11-27 00:00:00+00:00,0.0016708075,2479276.6,0.15134501,0.045692334,7.2284505e-05
2022-11-28 00:00:00+00:00,-0.0025439912,2472969.5,0.11944979,-0.077113087,6.7216724e-05
2022-11-29 00:00:00+00:00,-0.0055006717,2459394.7,0.15655967,-0.10157968,7.9338577e-05
2022-11-30 00:00:00+00:00,-0.0020303287,2454405,0.092339518,-0.025909071,6.1457897e-05
2022-12-01 00:00:00+00:00,-0.00032009151,2453618.9,0.096468334,-0.023614515,6.5048982e-05
2022-12-02 00:00:00+00:00,-0.00096944757,2451239.7,0.13561203,-0.08548549,6.6068487e-05
2022-12-03 00:00:00+00:00,-0.00038712059,2450290.1,0.10815174,-0.034566501,7.9703146e-05
2022-12-04 00:00:00+00:00,-5.9921802e-05,2450142.5,0.14571121,-0.08337039,7.0338345e-05
2022-12-05 00:00:00+00:00,-0.0012921783,2446975,0.12973872,-0.072277902,0.00010559615
2022-12-06 00:00:00+00:00,-0.0012271842,2443969.6,0.18937621,-0.13769394,8.9373049e-05
2022-12-07 00:00:00+00:00,0.00017779646,2444394.5,0.27836079,-0.23917961,0.00017468889
2022-12-08 00:00:00+00:00,-0.0082488417,2424293.2,0.27837289,-0.22154517,0.00012851659
2022-12-09 00:00:00+00:00,-0.00061497832,2422801.8,0.13325537,-0.00068120021,9.0749331e-05
2022-12-10 00:00:00+00:00,-0.00069992493,2421105.9,0.15501036,-0.043252919,0.00015341183
2022-12-11 00:00:00+00:00,-0.00021738428,2420578.4,0.17315002,0.024980482,0.0001713065
2022-12-12 00:00:00+00:00,-0.00062333345,2419069,0.12549468,-0.008992572,0.00014122315
2022-12-13 00:00:00+00:00,0.00035973839,2419926.6,0.18349655,0.072327037,0.00011373071
2022-12-14 00:00:00+00:00,-0.00051973008,2418660.9,0.16910201,0.06094172,0.00010743601
2022-12-15 00:00:00+00:00,0.00026101153,2419281.9,0.19574072,-0.11805679,0.00010407674
2022-12-16 00:00:00+00:00,0.020325412,2468752.3,0.24618719,-0.23933518,0.00014998334
2022-12-17 00:00:00+00:00,-0.004589721,2457394.2,0.3005628,-0.3005628,0.00016422585
2022-12-18 00:00:00+00:00,-0.0027319994,2450639.5,0.51114184,-0.51114184,0.00026298438
2022-12-19 00:00:00+00:00,0.018091569,2495152,0.59738562,-0.59738562,0.00025499013
2022-12-20 00:00:00+00:00,-0.016222078,2454889.4,0.41923599,-0.41923599,0.00018456586
2022-12-21 00:00:00+00:00,0.0010341645,2457403.2,0.29705855,-0.28455391,0.00014768364
2022-12-22 00:00:00+00:00,-0.0038286365,2447981.8,0.24704452,-0.18254655,0.00017006702
2022-12-23 00:00:00+00:00,-0.0021271812,2442767.6,0.30341034,-0.29268768,0.00013374565
2022-12-24 00:00:00+00:00,-0.00034253697,2441928.9,0.31583918,-0.30638576,0.00014075202
2022-12-25 00:00:00+00:00,0.0021700978,2447206.1,0.42615095,-0.41702416,0.00028527866
2022-12-26 00:00:00+00:00,-0.0064257842,2431507.6,0.4143095,-0.4143095,0.00019832793
2022-12-27 00:00:00+00:00,0.0032182064,2439315.3,0.42817381,-0.42817381,0.00024926885
2022-12-28 00:00:00+00:00,0.0079758232,2458679.7,0.61722729,-0.61722729,0.00029875646
2022-12-29 00:00:00+00:00,-0.0016520264,2454541.8,0.69638385,-0.69638385,0.00032215182
2022-12-30 00:00:00+00:00,0.00770086,2473326.5,0.7438343,-0.7438343,0.00034317875
2022-12-31 00:00:00+00:00,-0.00062516216,2471743.5,0.61514972,-0.61514972,0.00031323346
2023-01-01 00:00:00+00:00,-0.00030282656,2470945.4,0.85131504,-0.85131504,0.00038185845
2023-01-02 00:00:00+00:00,-0.0086935236,2449319.9,0.44254338,-0.44254338,0.0002261599
2023-01-03 00:00:00+00:00,0.0019416829,2454049,0.47665262,-0.47665262,0.00029853463
2023-01-04 00:00:00+00:00,-0.014535164,2418548.1,0.30246312,-0.2932874,0.0001804719
2023-01-05 00:00:00+00:00,0.0011318721,2421260.4,0.29732755,-0.23099968,0.00017230753
2023-01-06 00:00:00+00:00,-0.0037908881,2412068.5,0.35562181,-0.24175992,0.00017093889
2023-01-07 00:00:00+00:00,0.0019241566,2416704.3,0.33357472,-0.19357838,0.00021828829
2023-01-08 00:00:00+00:00,0.011083781,2443518.1,0.58721688,0.080983313,0.00056111073
2023-01-09 00:00:00+00:00,-0.0019104348,2438787.1,0.66392681,0.5027176,0.00037639675
2023-01-10 00:00:00+00:00,0.0064383443,2454494.3,0.6805239,0.50816445,0.00042970899
2023-01-11 00:00:00+00:00,0.039528561,2552515.8,0.93101763,0.91045368,0.00046712152
2023-01-12 00:00:00+00:00,-0.0035705364,2542817.6,0.64203836,0.64203836,0.00031340617
2023-01-13 00:00:00+00:00,0.058536076,2694414.8,0.61525284,0.61525284,0.00034335199
2023-01-14 00:00:00+00:00,-0.0015594738,2689351.5,0.48558244,0.48558244,0.00022682424
2023-01-15 00:00:00+00:00,0.0057434738,2704707.5,0.55765929,0.55765929,0.00034159646
2023-01-16 00:00:00+00:00,-0.0024185069,2697761.9,0.65502637,0.65502637,0.00026999542
2023-01-17 00:00:00+00:00,0.00095382736,2700176.1,0.62603427,0.62603427,0.0003074032
2023-01-18 00:00:00+00:00,-0.016095075,2656516.2,0.54802173,0.54802173,0.00020643785
2023-01-19 00:00:00+00:00,0.005105124,2670087.7,0.28227853,0.28227853,0.00016550287
2023-01-20 00:00:00+00:00,0.025882035,2739771.3,0.42879738,0.42879738,0.0002321148
2023-01-21 00:00:00+00:00,-0.00092435929,2736960.6,0.46209485,0.46209485,0.00020738231
2023-01-22 00:00:00+00:00,0.00081118171,2739025.8,0.40749052,0.40749052,0.00016419354
2023-01-23 00:00:00+00:00,0.0043918033,2750967,0.38654923,0.38654923,0.00018219603
2023-01-24 00:00:00+00:00,-0.014790884,2710408.5,0.4511898,0.4511898,0.00020097502
2023-01-25 00:00:00+00:00,0.0081783623,2732466.4,0.31561366,0.31561366,0.00014871764
2023-01-26 00:00:00+00:00,-0.0041265451,2721197.1,0.2117456,0.2117456,8.6203416e-05
2023-01-27 00:00:00+00:00,0.0035479059,2730827.5,0.25393668,0.25393668,0.00012294168
2023-01-28 00:00:00+00:00,-0.0021740949,2724883.7,0.22504382,0.22504382,9.7538277e-05
2023-01-29 00:00:00+00:00,0.0081553769,2747162.7,0.2639797,0.2639797,0.00014591588
2023-01-30 00:00:00+00:00,-0.014236063,2708238.1,0.25143105,0.25143105,9.5703807e-05
2023-01-31 00:00:00+00:00,0.0027047913,2715548.5,0.19782997,0.19782997,0.00010355072
2023-02-01 00:00:00+00:00,0.011771051,2747599.3,0.26393775,0.26393775,0.00013867479
2023-02-02 00:00:00+00:00,-0.0061360973,2730666.2,0.29516689,0.29516689,0.00011352242
2023-02-03 00:00:00+00:00,0.0015771057,2734952.4,0.24734605,0.24734605,0.00010272444
2023-02-04 00:00:00+00:00,-0.0013130057,2731334.5,0.33350271,0.33350271,0.00019801072
2023-02-05 00:00:00+00:00,-0.0049732823,2717717.3,0.33419123,0.33419123,0.00013406156
2023-02-06 00:00:00+00:00,-0.0035043726,2708183.4,0.24150778,0.23940771,0.00011667445
2023-02-07 00:00:00+00:00,0.0047830146,2721137.8,0.17529468,0.16338012,0.00012802901
2023-02-08 00:00:00+00:00,-0.0046597476,2708469.5,0.2265305,0.2265305,8.2663988e-05
2023-02-09 00:00:00+00:00,-0.0076734194,2687745.7,0.13454482,0.098785281,7.4598841e-05
2023-02-10 00:00:00+00:00,-0.00046845509,2686486.7,0.066033459,0.0033920344,3.0852204e-05
2023-02-11 00:00:00+00:00,-0.0004059333,2685395.9,0.092252158,-0.038302609,7.2805097e-05
2023-02-12 00:00:00+00:00,-0.0007089846,2683486.8,0.10848149,-0.081240035,8.2146571e-05
2023-02-13 00:00:00+00:00,0.0019138563,2688593.3,0.14990931,-0.14890159,7.3536167e-05
2023-02-14 00:00:00+00:00,-0.0033120349,2679697.3,0.11037419,-0.072938343,7.6664713e-05
2023-02-15 00:00:00+00:00,0.011158121,2709724,0.1361702,0.11860926,0.00012081439
2023-02-16 00:00:00+00:00,-0.0058965459,2693687.4,0.23914503,0.23886771,0.00010416765
2023-02-17 00:00:00+00:00,0.0035058318,2703131.2,0.13959036,0.13875823,0.00010813728
2023-02-18 00:00:00+00:00,0.0014494912,2707034.3,0.294651,0.294651,0.00014191503
2023-02-19 00:00:00+00:00,-0.0070493012,2687951.4,0.34800186,0.34793905,0.00015508224
2023-02-20 00:00:00+00:00,0.0040793835,2698912.1,0.2460328,0.24578133,9.7802632e-05
2023-02-21 00:00:00+00:00,-0.0034652584,2689559.7,0.1454781,0.12964067,6.8714542e-05
2023-02-22 00:00:00+00:00,-0.0026008876,2682568.4,0.097865686,0.077180591,4.5457326e-05
2023-02-23 00:00:00+00:00,-0.0011289763,2679534.4,0.095419315,0.082114982,5.3122288e-05
2023-02-24 00:00:00+00:00,-0.0032850799,2670738.2,0.12002077,0.077870869,6.5869071e-05
2023-02-25 00:00:00+00:00,-0.00058364688,2669179,0.10467177,-0.019748117,5.4384433e-05
2023-02-26 00:00:00+00:00,0.00012176595,2669503.2,0.13304985,-0.0017511105,0.00010314376
2023-02-27 00:00:00+00:00,-0.0020324571,2664074,0.2025121,0.10830681,0.00011717331
2023-02-28 00:00:00+00:00,-0.00087949805,2661729,0.14018417,0.083304828,5.4038104e-05
2023-03-01 00:00:00+00:00,0.00086037769,2664011.8,0.13945018,0.10675504,7.3075838e-05
2023-03-02 00:00:00+00:00,-0.0015231712,2659955.9,0.13884666,0.04324499,8.3508463e-05
2023-03-03 00:00:00+00:00,-0.0054382841,2645515.3,0.071584961,-0.062880533,5.1847121e-05
2023-03-04 00:00:00+00:00,0.001527543,2649545.6,0.19837317,-0.19836695,0.00014354944
2023-03-05 00:00:00+00:00,0.00025836297,2650209.4,0.24691574,-0.24691574,0.00012644318
2023-03-06 00:00:00+00:00,-0.00068288402,2648374.5,0.31063092,-0.31063092,0.00013724341
2023-03-07 00:00:00+00:00,-5.1230065e-05,2648215.7,0.29864659,-0.29809903,0.00013227473
2023-03-08 00:00:00+00:00,0.0017606437,2652869.1,0.14493411,-0.11118363,0.00011738593
2023-03-09 00:00:00+00:00,0.012448276,2685951.4,0.17989005,-0.15388761,0.00011383799
2023-03-10 00:00:00+00:00,-0.0020853001,2680265.3,0.2196935,-0.2196935,9.7199534e-05
2023-03-11 00:00:00+00:00,-0.0019484792,2674985.2,0.19187435,-0.19095074,0.00010679665
2023-03-12 00:00:00+00:00,-0.013632179,2638648.2,0.23392238,-0.23268373,0.00012267913
2023-03-13 00:00:00+00:00,0.00063012608,2640305.5,0.093803436,-0.023219764,5.5134106e-05
2023-03-14 00:00:00+00:00,-0.00071601283,2638392.1,0.13814232,0.082128859,8.0734462e-05
2023-03-15 00:00:00+00:00,-0.0034432567,2629310.1,0.17893387,0.122478,0.0001053
2023-03-16 00:00:00+00:00,0.0047514599,2641807.6,0.22319049,0.12458005,9.8168521e-05
2023-03-17 00:00:00+00:00,0.017109636,2687304.3,0.22860463,0.22239158,0.00012253703
2023-03-18 00:00:00+00:00,-0.0062993298,2670388.6,0.24387304,0.22944946,0.0001265555
2023-03-19 00:00:00+00:00,0.0019584684,2675560.9,0.29487126,0.26202911,0.00016206541
2023-03-20 00:00:00+00:00,-0.0013340614,2671922.7,0.28567029,0.24271681,0.00012318101
2023-03-21 00:00:00+00:00,0.0076320539,2692320.2,0.28636484,0.25800517,0.00015133444
2023-03-22 00:00:00+00:00,-0.013081306,2657185.2,0.22798042,0.20710254,8.9887109e-05
2023-03-23 00:00:00+00:00,0.00095779869,2659709.7,0.11727214,0.097924702,9.3371798e-05
2023-03-24 00:00:00+00:00,-0.0056316815,2644749.6,0.18517925,0.17966418,7.4861282e-05
2023-03-25 00:00:00+00:00,0.0015051329,2648707.1,0.2033103,0.19866703,0.00010349605
2023-03-26 00:00:00+00:00,0.0024713715,2655212.1,0.27938384,0.26958093,0.00014454143
2023-03-27 00:00:00+00:00,-0.0076681625,2634812.4,0.23734158,0.17683249,0.000153002
2023-03-28 00:00:00+00:00,0.0057792279,2650055,0.1733853,0.091441285,0.00010603644
2023-03-29 00:00:00+00:00,0.0014963935,2653969.4,0.23470846,0.18786511,0.00013524284
2023-03-30 00:00:00+00:00,-0.00074303418,2651920.4,0.24807338,0.2032557,0.00010501478
2023-03-31 00:00:00+00:00,-0.00036438,2650934.9,0.2876067,0.20479915,0.00017746294
2023-04-01 00:00:00+00:00,-0.0050452586,2637560.8,0.33750117,0.27107307,0.00019980417
2023-04-02 00:00:00+00:00,-0.0040174311,2626948.3,0.39966772,0.39805236,0.00016708314
2023-04-03 00:00:00+00:00,-0.0059232915,2611363.3,0.22478338,0.14069442,0.00012095739
2023-04-04 00:00:00+00:00,0.0074456563,2630851.6,0.20971144,0.1641827,0.00011002638
2023-04-05 00:00:00+00:00,-0.0079702046,2609917.3,0.32945109,0.29093019,0.00019986064
2023-04-06 00:00:00+00:00,-0.0038143088,2599917.5,0.35921002,0.32722449,0.00016377726
2023-04-07 00:00:00+00:00,-0.0028215409,2592574.3,0.37445164,0.26247724,0.00019473352
2023-04-08 00:00:00+00:00,-0.00042619961,2591444.4,0.45882916,0.37720464,0.00028657685
2023-04-09 00:00:00+00:00,-0.00053477583,2590032,0.41119371,0.30791639,0.00020630086
2023-04-10 00:00:00+00:00,0.018398439,2638006,0.44989193,0.37155374,0.00031015303
2023-04-11 00:00:00+00:00,0.00016308948,2638292.8,0.65971419,0.65971419,0.000306829
2023-04-12 00:00:00+00:00,-0.0032849676,2629516.7,0.56823653,0.56823653,0.00027134044
2023-04-13 00:00:00+00:00,0.032182197,2715062,0.6294903,0.6294903,0.00029963584
2023-04-14 00:00:00+00:00,-0.00627194,2697730.6,0.64620489,0.64620489,0.00028146261
2023-04-15 00:00:00+00:00,0.0015529356,2701833,0.69767985,0.69767985,0.00032970037
2023-04-16 00:00:00+00:00,-0.0029274121,2693588.6,0.71414447,0.71414447,0.000352282
2023-04-17 00:00:00+00:00,-0.003616168,2683766.1,0.56242205,0.56242205,0.00029669517
2023-04-18 00:00:00+00:00,0.010534314,2711990.1,0.65016576,0.65016576,0.00030356895
2023-04-19 00:00:00+00:00,-0.024769671,2645219.9,0.22796601,0.22620844,0.00015016937
2023-04-20 00:00:00+00:00,-0.0017612728,2640560.9,0.077882215,0.02372934,6.9855977e-05
2023-04-21 00:00:00+00:00,0.0015632084,2644670.6,0.10930359,-0.09041404,0.00010338003
2023-04-22 00:00:00+00:00,-0.0046110335,2632490,0.15902519,-0.14519449,7.477432e-05
2023-04-23 00:00:00+00:00,-0.0023773981,2626233,0.14122774,-0.055931477,9.809272e-05
2023-04-24 00:00:00+00:00,-5.6732209e-06,2626209.5,0.20992537,-0.061340416,0.00013634628
2023-04-25 00:00:00+00:00,-0.00060586333,2624611,0.23282897,-0.064081264,0.00014191667
2023-04-26 00:00:00+00:00,-0.010879247,2595731.6,0.23233249,0.21284744,0.00012127879
2023-04-27 00:00:00+00:00,-0.0011179295,2592828.6,0.079892341,0.058544551,4.3601433e-05
2023-04-28 00:00:00+00:00,-0.0013894756,2589227.7,0.10705876,0.028340063,7.0630391e-05
2023-04-29 00:00:00+00:00,-0.00035736522,2588300,0.14744578,0.12321338,8.8200219e-05
2023-04-30 00:00:00+00:00,-0.0016305683,2584078,0.18591649,0.10515596,0.00011584121
2023-05-01 00:00:00+00:00,-0.0012682528,2580799.2,0.11695581,-0.074475927,7.3412397e-05
2023-05-02 00:00:00+00:00,-0.00076662425,2578819.2,0.10914848,-0.10437237,6.9633542e-05
2023-05-03 00:00:00+00:00,-0.00082791238,2576682.6,0.15078916,-0.031178186,0.00013051338
2023-05-04 00:00:00+00:00,0.00012471843,2577002.3,0.21219311,0.061750881,0.00010038644
2023-05-05 00:00:00+00:00,0.0035672116,2586204.1,0.27185126,0.12303738,0.00017328265
2023-05-06 00:00:00+00:00,-0.0080664013,2565412.1,0.23228592,0.16302517,0.00012753895
2023-05-07 00:00:00+00:00,-0.0032487357,2557079.5,0.26752679,0.15581795,0.00019043943
2023-05-08 00:00:00+00:00,0.0019446348,2562050.2,0.16670127,-0.038824669,8.4533972e-05
2023-05-09 00:00:00+00:00,-0.0013821871,2558506.7,0.17384041,-0.079870194,0.00011263331
2023-05-10 00:00:00+00:00,-0.00093873445,2556038.3,0.23231517,-0.21336008,0.00012748424
2023-05-11 00:00:00+00:00,0.0017081701,2560377.8,0.29701923,-0.29701923,0.00020622742
2023-05-12 00:00:00+00:00,-0.0061290018,2544553.6,0.42368046,-0.42368046,0.00021301029
2023-05-13 00:00:00+00:00,0.00079295207,2546557.8,0.43682757,-0.43682757,0.00024245772
2023-05-14 00:00:00+00:00,-0.00029851673,2545765.6,0.45346608,-0.45346608,0.00021903743
2023-05-15 00:00:00+00:00,-0.0059778067,2530519.8,0.29943304,-0.29943304,0.00016529901
2023-05-16 00:00:00+00:00,-0.0043625724,2519464.2,0.41677407,-0.41677407,0.00025387944
2023-05-17 00:00:00+00:00,-0.0051224279,2506541.4,0.38474301,-0.35998848,0.00019376073
2023-05-18 00:00:00+00:00,0.0039842908,2516460.7,0.36841641,-0.33867207,0.00019666372
2023-05-19 00:00:00+00:00,0.00023604648,2517046,0.39349446,-0.33165931,0.00019827683
2023-05-20 00:00:00+00:00,-0.0081376304,2496608.5,0.74440545,-0.62344003,0.00038059173
2023-05-21 00:00:00+00:00,0.0090763978,2519348.1,0.67911492,-0.53245833,0.00034973888
2023-05-22 00:00:00+00:00,-0.0073548678,2500863.3,0.50022952,-0.3994127,0.00030845028
2023-05-23 00:00:00+00:00,-0.0055947895,2486892.8,0.27423108,-0.043244877,0.00020008482
2023-05-24 00:00:00+00:00,0.0061714097,2502252.6,0.34684789,-0.29896358,0.00024791309
2023-05-25 00:00:00+00:00,-0.00195348,2497346.3,0.46849576,-0.46849576,0.000234365
2023-05-26 00:00:00+00:00,-0.0043931799,2486347.3,0.46615524,-0.339599,0.00027131809
2023-05-27 00:00:00+00:00,-0.0068343827,2469398.2,0.46693751,-0.25368004,0.00030223824
2023-05-28 00:00:00+00:00,-0.0023705468,2463542,0.36845824,-0.22500935,0.00025309359
2023-05-29 00:00:00+00:00,-0.00069687914,2461816.8,0.29527916,0.25135819,0.00014652457
2023-05-30 00:00:00+00:00,0.005079723,2474311,0.39783613,0.35216599,0.0002314317
2023-05-31 00:00:00+00:00,-0.0056957179,2460223.5,0.43514372,0.02779853,0.00028197485
2023-06-01 00:00:00+00:00,0.00038127889,2461152.1,0.4909851,-0.15569227,0.00027101476
2023-06-02 00:00:00+00:00,-0.0017164194,2456921.8,0.61907783,-0.086351232,0.00039659848
2023-06-03 00:00:00+00:00,-0.003453808,2448433,0.82909289,-0.34044231,0.00046951557
2023-06-04 00:00:00+00:00,0.0079766854,2468003.9,0.93291429,-0.469332,0.00038731241
2023-06-05 00:00:00+00:00,0.039311313,2565892.5,0.64405097,-0.4730976,0.00026200918
2023-06-06 00:00:00+00:00,-0.011219887,2537198.1,0.32829084,-0.27292236,0.00017312028
2023-06-07 00:00:00+00:00,0.0091740428,2560477.4,0.28352155,-0.15843545,0.00018631024
2023-06-08 00:00:00+00:00,-8.3934237e-05,2560234.9,0.3813564,-0.24642251,0.00022251493
2023-06-09 00:00:00+00:00,-0.0041754405,2549455.4,0.57854287,-0.36920808,0.00032113901
2023-06-10 00:00:00+00:00,0.026811021,2618079.5,0.41027969,-0.36663054,0.00018591924
2023-06-11 00:00:00+00:00,0.00099624054,2620661.6,0.36166453,-0.30931532,0.00023542538
2023-06-12 00:00:00+00:00,0.0063778149,2637097.6,0.6932333,-0.59909464,0.00032311924
2023-06-13 00:00:00+00:00,-0.013551145,2601415.3,0.6824194,-0.60535314,0.00033621667
2023-06-14 00:00:00+00:00,0.027450754,2672623.1,0.61011681,-0.60191646,0.00022122345
2023-06-15 00:00:00+00:00,-0.00085240508,2670310.9,0.30925714,-0.30925714,0.00013422589
2023-06-16 00:00:00+00:00,-0.01017661,2643168.9,0.47136885,-0.47136885,0.0002206313
2023-06-17 00:00:00+00:00,-0.0051312297,2629558.6,0.30482914,-0.30482914,0.00017021038
2023-06-18 00:00:00+00:00,-0.0011029972,2626622.5,0.37677209,-0.37677209,0.00020929842
2023-06-19 00:00:00+00:00,-0.0022864554,2620586.8,0.38546946,-0.34628746,0.00016379528
2023-06-20 00:00:00+00:00,0.0004798615,2621839.5,0.25839712,-0.088031287,0.000142353
2023-06-21 00:00:00+00:00,0.0070137227,2640275.7,0.30512021,0.085620643,0.00016398552
2023-06-22 00:00:00+00:00,-0.0024436938,2633801.2,0.29280371,0.18478725,0.00015213144
2023-06-23 00:00:00+00:00,0.0010631159,2636551.8,0.30675081,0.1716824,0.00015169829
2023-06-24 00:00:00+00:00,-0.00018136524,2636063.1,0.3273407,0.22668335,0.00013749956
2023-06-25 00:00:00+00:00,-0.00079988547,2633940.2,0.37365068,0.26221373,0.00019732348
2023-06-26 00:00:00+00:00,-0.0022492112,2627999.3,0.34756416,0.11622571,0.00016180304
2023-06-27 00:00:00+00:00,6.4030813e-05,2628161.4,0.291177,0.0093205807,0.00013777703
2023-06-28 00:00:00+00:00,0.0039367232,2638476.5,0.33320899,-0.097795755,0.00016631221
2023-06-29 00:00:00+00:00,-0.0013058888,2635031.1,0.29042456,-0.073722913,0.00012579308
2023-06-30 00:00:00+00:00,-0.008845691,2611808.7,0.27978657,0.012146722,0.00016421668
2023-07-01 00:00:00+00:00,-0.0020119731,2606557.9,0.23913625,0.10640298,0.00016703322
2023-07-02 00:00:00+00:00,-0.00042240855,2605450.3,0.37324594,0.23851202,0.00016850897
2023-07-03 00:00:00+00:00,0.003179448,2613729.8,0.36166349,0.27685003,0.00018301569
2023-07-04 00:00:00+00:00,-0.0029044604,2606129.1,0.38367987,0.30192159,0.00018220726
2023-07-05 00:00:00+00:00,-0.0020409799,2600812.3,0.34362068,0.11770735,0.00017644646
2023-07-06 00:00:00+00:00,0.0021380625,2606355.2,0.28782684,-0.083639258,0.00018484464
2023-07-07 00:00:00+00:00,-0.0025018475,2599830.6,0.29018871,-0.21293265,0.00015979601
2023-07-08 00:00:00+00:00,-0.0026808562,2592859,0.43388811,-0.29823125,0.0002159443
2023-07-09 00:00:00+00:00,0.0050381211,2605939,0.44078408,-0.35190869,0.00020815911
2023-07-10 00:00:00+00:00,-0.0058647265,2590638.9,0.26003343,-0.031491149,0.00016226486
2023-07-11 00:00:00+00:00,0.00024237592,2591264.7,0.16894806,0.11511118,0.00011749373
2023-07-12 00:00:00+00:00,-0.0050892088,2578075.5,0.39490041,0.38065161,0.00021734535
2023-07-13 00:00:00+00:00,0.023783971,2639946.1,0.34383468,0.34061875,0.00020787995
2023-07-14 00:00:00+00:00,-0.017258869,2594599.2,0.33878123,0.33878123,0.00013060458
2023-07-15 00:00:00+00:00,0.0017217234,2599057.3,0.24987788,0.24987788,0.00011530841
2023-07-16 00:00:00+00:00,0.00036657986,2599953.6,0.39777383,0.35046596,0.00025092538
2023-07-17 00:00:00+00:00,-0.0043458407,2588652.2,0.3570393,0.1853954,0.00017380881
2023-07-18 00:00:00+00:00,0.00015295621,2589040.3,0.2706195,0.07453127,0.00013845935
2023-07-19 00:00:00+00:00,0.0023940803,2595231.9,0.23704529,0.024139402,0.00017665216
2023-07-20 00:00:00+00:00,-0.005761506,2580285.3,0.27861822,0.10651834,0.0001440299
2023-07-21 00:00:00+00:00,-0.00081319373,2578181.7,0.20161111,0.06172058,8.6874495e-05
2023-07-22 00:00:00+00:00,-0.0047060002,2566068.6,0.17116527,0.069446378,0.00011512682
2023-07-23 00:00:00+00:00,7.3048868e-06,2566070.4,0.21045854,0.11721862,0.00021744771
2023-07-24 00:00:00+00:00,-0.00010029341,2565782.7,0.22260856,-0.054496382,0.00015281191
2023-07-25 00:00:00+00:00,0.0046041105,2577613.5,0.30655071,-0.14811235,0.00018408301
2023-07-26 00:00:00+00:00,-0.0067049729,2560377.7,0.36981865,-0.16457104,0.00015818533
2023-07-27 00:00:00+00:00,-0.00077436772,2558391.9,0.36001254,-0.11886822,0.00023678352
2023-07-28 00:00:00+00:00,-0.0030171506,2550679.5,0.41691765,-0.23890465,0.00018074203
2023-07-29 00:00:00+00:00,0.0038942743,2560613.8,0.2654261,-0.02566198,0.00013738288
2023-07-30 00:00:00+00:00,-0.002578741,2554015.1,0.19959614,-0.014907758,0.00017596552
2023-07-31 00:00:00+00:00,-0.0010980019,2551209.8,0.171452,-0.01477877,0.00016812149
2023-08-01 00:00:00+00:00,-0.0043138953,2540210,0.28169251,-0.17377253,0.00013790177
2023-08-02 00:00:00+00:00,-0.0019387406,2535282.5,0.2063294,-0.066070137,0.00014228625
2023-08-03 00:00:00+00:00,-0.0017700077,2530792.5,0.26991246,-0.24019313,0.00015291148
2023-08-04 00:00:00+00:00,-0.00089888395,2528509.2,0.34707268,-0.3432886,0.00019902585
2023-08-05 00:00:00+00:00,-0.0009902379,2525998.1,0.38670923,-0.34160177,0.00017680408
2023-08-06 00:00:00+00:00,-0.00076430395,2524066.1,0.32687672,-0.22151649,0.00032657064
2023-08-07 00:00:00+00:00,-0.0023759954,2518065.2,0.27677334,-0.19338116,0.00020300494
2023-08-08 00:00:00+00:00,0.0011110396,2520858.8,0.22426412,0.15643003,0.00020617372
2023-08-09 00:00:00+00:00,-0.003469165,2512073.1,0.44112775,0.44112775,0.00024813012
2023-08-10 00:00:00+00:00,-0.0019674302,2507118.6,0.34880917,0.33035686,0.00022725959
2023-08-11 00:00:00+00:00,0.00017923711,2507560.6,0.39871993,0.27180308,0.00019423927
2023-08-12 00:00:00+00:00,-0.00081006282,2505521.1,0.45294641,0.27667887,0.00031075602
2023-08-13 00:00:00+00:00,-0.0056232719,2491461.7,0.66394598,-0.3022074,0.00069214288
2023-08-14 00:00:00+00:00,-0.006539692,2475205.8,0.70542686,-0.405637,0.00051029993
2023-08-15 00:00:00+00:00,0.0063148865,2490795.7,0.73018928,-0.30007488,0.00042668358
2023-08-16 00:00:00+00:00,0.019023743,2538441.9,0.81458362,-0.79943132,0.00059750993
2023-08-17 00:00:00+00:00,0.12610194,2866026.2,1.2262129,-1.2262129,0.00055081371
2023-08-18 00:00:00+00:00,0.0015758234,2870492.5,0.24930811,-0.24930811,0.00010072602
2023-08-19 00:00:00+00:00,-0.006867212,2850649.8,0.62765242,-0.62765242,0.00036579
2023-08-20 00:00:00+00:00,-0.0017731264,2845503.1,0.75572354,-0.75572354,0.00034251925
2023-08-21 00:00:00+00:00,0.012421185,2880703.9,0.80234502,-0.80234502,0.00032102782
2023-08-22 00:00:00+00:00,0.0043283247,2892781,0.73674999,-0.73674999,0.00027472961
2023-08-23 00:00:00+00:00,-0.0083636829,2868610.9,0.41035531,-0.41035531,0.000168379
2023-08-24 00:00:00+00:00,0.0033416831,2878160.2,0.39510118,-0.39510118,0.00021451199
2023-08-25 00:00:00+00:00,-0.00047264066,2876717.3,0.51062419,-0.51062419,0.00021108402
2023-08-26 00:00:00+00:00,0.0012528398,2880316.3,0.48993581,-0.48993581,0.00021610032
2023-08-27 00:00:00+00:00,-0.0012832859,2876599.8,0.45204912,-0.45204912,0.00018286681
2023-08-28 00:00:00+00:00,-0.0036198414,2866165.4,0.50863119,-0.50863119,0.00024050486
2023-08-29 00:00:00+00:00,-0.028053588,2785550.9,0.36109233,-0.35923076,0.00011726852
2023-08-30 00:00:00+00:00,0.00063280433,2787312.7,0.07404375,-0.071449068,8.2143676e-05
2023-08-31 00:00:00+00:00,0.0049730031,2801178.3,0.19399023,-0.19399023,9.485301e-05
2023-09-01 00:00:00+00:00,0.0019433239,2806610,0.20692418,-0.20692418,0.00011090995
2023-09-02 00:00:00+00:00,-0.00054881543,2805065.5,0.28023982,-0.28023982,0.00013199296
2023-09-03 00:00:00+00:00,-0.0014775239,2800911.8,0.4221519,-0.4221519,0.00021270124
2023-09-04 00:00:00+00:00,0.0013933137,2804780.8,0.43232169,-0.43232169,0.00017993664
2023-09-05 00:00:00+00:00,-0.0018041861,2799711.4,0.35733548,-0.35733548,0.00012600812
2023-09-06 00:00:00+00:00,-0.00090639807,2797140.7,0.29089667,-0.29089667,0.00017883347
2023-09-07 00:00:00+00:00,-0.0046961986,2784019,0.33563299,-0.33563299,0.00014727194
2023-09-08 00:00:00+00:00,0.0028459305,2791937.4,0.29390749,-0.29390749,0.0001673476
2023-09-09 00:00:00+00:00,0.00034275469,2792891,0.38370858,-0.38370858,0.00016212577
2023-09-10 00:00:00+00:00,0.005601264,2808541.3,0.49301689,-0.49301689,0.00025690163
2023-09-11 00:00:00+00:00,0.012783211,2844467,0.5904411,-0.5904411,0.00031636892
2023-09-12 00:00:00+00:00,-0.013728691,2805371.7,0.45329299,-0.45329299,0.00025049263
2023-09-13 00:00:00+00:00,-0.01133101,2773629.6,0.53734904,-0.53734904,0.00027273862
2023-09-14 00:00:00+00:00,-0.00099084007,2770807.1,0.46608922,-0.46608922,0.00020118447
2023-09-15 00:00:00+00:00,-0.0046585711,2757883.3,0.35881943,-0.35881943,0.00017925591
2023-09-16 00:00:00+00:00,2.1901571e-05,2757941.1,0.15696435,-0.14480931,8.2883062e-05
2023-09-17 00:00:00+00:00,0.00086679566,2760329.7,0.13473647,-0.077166561,0.00011690593
2023-09-18 00:00:00+00:00,-0.0041753306,2748823.4,0.13487365,-0.043102991,0.00010820037
2023-09-19 00:00:00+00:00,-0.002219064,2742728.3,0.12764187,-0.078558233,7.7666975e-05
2023-09-20 00:00:00+00:00,-0.00033541935,2741806.8,0.15593409,-0.095170395,9.006264e-05
2023-09-21 00:00:00+00:00,0.002194469,2747810.1,0.24873992,-0.22559155,0.00013946963
2023-09-22 00:00:00+00:00,-0.0015974365,2743411.9,0.33879812,-0.33755472,0.00022637002
2023-09-23 00:00:00+00:00,0.0013632556,2747143.7,0.4978356,-0.49573786,0.0002456271
2023-09-24 00:00:00+00:00,0.0045771211,2759705.7,0.52493181,-0.52214381,0.00028088693
2023-09-25 00:00:00+00:00,-0.0018919994,2754452.9,0.50913325,-0.50913325,0.00019342658
2023-09-26 00:00:00+00:00,-0.0014779576,2750364.3,0.39884062,-0.39884062,0.0002283876
2023-09-27 00:00:00+00:00,-0.0030575771,2741940.5,0.28657274,-0.28553974,0.00015225645
2023-09-28 00:00:00+00:00,-0.0045300494,2729537.6,0.23222656,-0.23222656,0.00010837039
2023-09-29 00:00:00+00:00,-0.0048788992,2716239.9,0.16464082,-0.11651477,0.00010231973
2023-09-30 00:00:00+00:00,-0.00016551249,2715789.5,0.14634111,-0.024698593,9.2683032e-05
2023-10-01 00:00:00+00:00,0.0021560384,2721634.8,0.21288392,0.12130777,0.00017299742
2023-10-02 00:00:00+00:00,-0.0023849359,2715140.2,0.14670651,0.13030586,5.85439e-05
2023-10-03 00:00:00+00:00,0.0009329236,2717670.3,0.12527321,-0.061354327,9.9726935e-05
2023-10-04 00:00:00+00:00,-0.0020963923,2711974.7,0.26810459,-0.18559654,0.00015140333
2023-10-05 00:00:00+00:00,0.00055497644,2713476.9,0.33360249,-0.19041303,0.00016451273
2023-10-06 00:00:00+00:00,-0.002783692,2705925.7,0.29635526,-0.21233905,0.00013657358
2023-10-07 00:00:00+00:00,0.00054711701,2707403.7,0.3197275,-0.23331308,0.00017955858
2023-10-08 00:00:00+00:00,0.001352293,2711059.8,0.4025141,-0.17016429,0.00019845249
2023-10-09 00:00:00+00:00,0.008972643,2735437.1,0.40949607,-0.27054998,0.00024321237
2023-10-10 00:00:00+00:00,-0.0048677729,2722132.6,0.39500424,-0.30571219,0.00021664805
2023-10-11 00:00:00+00:00,0.0044227273,2734146.1,0.4284162,-0.41673471,0.00023154754
2023-10-12 00:00:00+00:00,0.0012878105,2737607,0.5499395,-0.5499395,0.00027010592
2023-10-13 00:00:00+00:00,-0.0042792567,2725821.1,0.59276148,-0.59276148,0.00024873209
2023-10-14 00:00:00+00:00,-0.001832499,2720816.8,0.50866404,-0.50866404,0.00021250011
2023-10-15 00:00:00+00:00,-0.0038518634,2710333.9,0.54797562,-0.54797562,0.00027276315
2023-10-16 00:00:00+00:00,-0.0082706922,2687938.8,0.25436572,-0.16939142,0.00016575581
2023-10-17 00:00:00+00:00,0.00083867801,2690190.9,0.21097553,0.034374018,0.0001151271
2023-10-18 00:00:00+00:00,-0.00066387713,2688398.1,0.31566299,-0.041280424,0.00020700417
2023-10-19 00:00:00+00:00,-0.0033641185,2679349.2,0.45885057,-0.18168132,0.00023416161
2023-10-20 00:00:00+00:00,0.0010310564,2682099.1,0.29976118,0.13669735,0.00015030216
2023-10-21 00:00:00+00:00,0.0014355811,2685923.1,0.32003222,0.25450321,0.00026394521
2023-10-22 00:00:00+00:00,0.0021430407,2691604.9,0.40307347,0.3946198,0.00026759808
2023-10-23 00:00:00+00:00,0.050702561,2830452.7,0.58597848,0.58597848,0.00034397595
2023-10-24 00:00:00+00:00,-0.0014255184,2825792.9,0.43660307,0.43660307,0.0001904933
2023-10-25 00:00:00+00:00,0.0032222466,2834752.8,0.42254577,0.42254577,0.0002414357
2023-10-26 00:00:00+00:00,0.00076018124,2836674.2,0.49540921,0.49540921,0.00020574083
2023-10-27 00:00:00+00:00,-0.0067122163,2817514.4,0.44706796,0.44706796,0.00018737944
2023-10-28 00:00:00+00:00,0.0011232481,2820641.6,0.46576897,0.46576897,0.00022992206
2023-10-29 00:00:00+00:00,0.0040390679,2832000.6,0.44879166,0.44879166,0.00028306184
2023-10-30 00:00:00+00:00,0.0057161056,2848143.2,0.50333142,0.50333142,0.00022297446
2023-10-31 00:00:00+00:00,-0.00011533245,2847716.4,0.43396188,0.43396188,0.00021149352
2023-11-01 00:00:00+00:00,0.0088117374,2872762.2,0.41703454,0.41703454,0.00023791794
2023-11-02 00:00:00+00:00,-0.010732755,2841938.4,0.47326923,0.47326923,0.00019043189
2023-11-03 00:00:00+00:00,0.0052296935,2856775.8,0.43177044,0.43177044,0.00020654214
2023-11-04 00:00:00+00:00,0.0099440978,2885262.5,0.56479552,0.56479552,0.00026261496
2023-11-05 00:00:00+00:00,0.018046498,2937392.3,0.57041286,0.57041286,0.00024167604
2023-11-06 00:00:00+00:00,0.0037905503,2948335.4,0.4916656,0.4916656,0.00023711582
2023-11-07 00:00:00+00:00,-0.003658799,2937402.3,0.38440686,0.38440686,0.00021591322
2023-11-08 00:00:00+00:00,0.0048752989,2951692.7,0.46195024,0.46195024,0.00022798219
2023-11-09 00:00:00+00:00,0.0054941964,2967186.5,0.48192089,0.48192089,0.00018755787
2023-11-10 00:00:00+00:00,0.0014384666,2971406.7,0.31847005,0.31847005,0.0001792665
2023-11-11 00:00:00+00:00,-0.005110039,2956080.6,0.46253461,0.46253461,0.0001965192
2023-11-12 00:00:00+00:00,0.0032571073,2965686.7,0.43926498,0.43926498,0.00020027636
2023-11-13 00:00:00+00:00,-0.0091684922,2938344.4,0.49270157,0.49270157,0.00018987541
2023-11-14 00:00:00+00:00,-0.0069614312,2917787.3,0.28866149,0.28866149,0.00011317834
2023-11-15 00:00:00+00:00,0.010866035,2949626.8,0.2123752,0.2123752,0.00012204093
2023-11-16 00:00:00+00:00,-0.010994909,2917282.1,0.31671618,0.31671618,0.00013294866
2023-11-17 00:00:00+00:00,-0.00022601004,2916566.3,0.23351945,0.23351945,0.00010514734
2023-11-18 00:00:00+00:00,-0.003239914,2907108.6,0.22352341,0.22352341,0.0001057919
2023-11-19 00:00:00+00:00,0.0069194413,2927248.7,0.30173712,0.30173712,0.00021136792
2023-11-20 00:00:00+00:00,0.0015524029,2931690.2,0.34604563,0.34604563,0.00012734619
2023-11-21 00:00:00+00:00,-0.010594859,2900721.8,0.21152608,0.20509823,0.00010778475
2023-11-22 00:00:00+00:00,0.0041295096,2912713,0.14079383,0.12018307,7.9806709e-05
2023-11-23 00:00:00+00:00,0.00037953965,2913807.9,0.1910931,0.17196178,0.00011922341
2023-11-24 00:00:00+00:00,0.0022213497,2920254.6,0.26292567,0.23709735,0.00012607906
2023-11-25 00:00:00+00:00,0.0003250583,2921201.4,0.22967781,0.19247075,0.00012293368
2023-11-26 00:00:00+00:00,-0.0023439581,2914338,0.30129912,0.25945468,0.00016160749
2023-11-27 00:00:00+00:00,-0.0047337052,2900557,0.21095618,0.17326199,0.00010640191
2023-11-28 00:00:00+00:00,0.0015305757,2904984.8,0.16218705,0.14070732,0.00011623313
2023-11-29 00:00:00+00:00,-0.00077509846,2902718,0.21005368,0.17222545,9.167311e-05
2023-11-30 00:00:00+00:00,0.00078680405,2904997.2,0.22702533,0.16500489,0.00013149913
2023-12-01 00:00:00+00:00,0.0055314948,2921071.2,0.29191404,0.25314497,0.00014132379
2023-12-02 00:00:00+00:00,0.010246594,2951085.5,0.37838913,0.35555821,0.00021131053
2023-12-03 00:00:00+00:00,0.004348216,2963887.1,0.41032831,0.39658413,0.00017050689
2023-12-04 00:00:00+00:00,0.0118424,2999004.2,0.38611866,0.37182254,0.00017152349
2023-12-05 00:00:00+00:00,0.014297454,3042041.9,0.36704433,0.35345341,0.00017500271
2023-12-06 00:00:00+00:00,-0.0040894513,3029532.9,0.36562199,0.36158721,0.00016997499
2023-12-07 00:00:00+00:00,0.0048317517,3044069.6,0.37550534,0.36899582,0.0001690031
2023-12-08 00:00:00+00:00,0.010329446,3075574.1,0.42264035,0.42222944,0.00021905085
2023-12-09 00:00:00+00:00,-0.0053937356,3058860.6,0.46449356,0.46449356,0.00019681463
2023-12-10 00:00:00+00:00,-0.0016743912,3053645.8,0.4083305,0.4083305,0.00018797386
2023-12-11 00:00:00+00:00,-0.01597902,3004826.2,0.16145472,0.16145472,0.00010150679
2023-12-12 00:00:00+00:00,-0.0036966008,2993696.7,0.18670648,0.18277401,0.00011349319
2023-12-13 00:00:00+00:00,0.0023805932,3000798.5,0.1743858,0.16065382,9.6200243e-05
2023-12-14 00:00:00+00:00,0.0006046884,3002570.9,0.25541078,0.25144308,0.0001467379
2023-12-15 00:00:00+00:00,-0.0089402707,2975814.5,0.26869883,0.26765312,0.00012956105
2023-12-16 00:00:00+00:00,0.00053061323,2977377.5,0.31645929,0.3154137,0.00018565527
2023-12-17 00:00:00+00:00,-0.0057799197,2960179.3,0.28808763,0.28808763,0.00018732005
2023-12-18 00:00:00+00:00,-0.00062738,2958298.6,0.13734348,0.12707745,7.8729697e-05
2023-12-19 00:00:00+00:00,-0.0017345841,2953154.2,0.13159846,0.12137689,6.7634544e-05
2023-12-20 00:00:00+00:00,0.00073703927,2955310.7,0.14592936,0.13685355,9.4794752e-05
2023-12-21 00:00:00+00:00,0.0044791436,2968552.4,0.20316705,0.20294122,0.0001213357
2023-12-22 00:00:00+00:00,-0.001044076,2965405,0.24937404,0.24937404,0.00011744708
2023-12-23 00:00:00+00:00,7.6142405e-05,2965618.4,0.26999111,0.26999111,0.00014033
2023-12-24 00:00:00+00:00,-0.0079132351,2942197.9,0.32333456,0.32168648,0.00017962566
2023-12-25 00:00:00+00:00,0.0022244326,2948718.2,0.34389374,0.3422378,0.0001691068
2023-12-26 00:00:00+00:00,-0.0011129101,2945334.5,0.22129011,0.22129011,9.8370873e-05
2023-12-27 00:00:00+00:00,0.014696459,2988887,0.21415431,0.21415431,0.00014318492
2023-12-28 00:00:00+00:00,-0.0086348231,2963115.7,0.28087597,0.28087597,0.00011699512
2023-12-29 00:00:00+00:00,-0.0036878954,2952124.3,0.22854488,0.22854488,0.00010570797
2023-12-30 00:00:00+00:00,-7.120393e-06,2952080.2,0.19778629,0.19415491,0.00010994735
2023-12-31 00:00:00+00:00,-0.0017658868,2946840.5,0.28674896,0.28159197,0.00015200249
2024-01-01 00:00:00+00:00,0.010093477,2976660.9,0.30786845,0.30419756,0.00015979016
2024-01-02 00:00:00+00:00,-0.0026944868,2968587.2,0.2935968,0.2935968,0.00013530013
2024-01-03 00:00:00+00:00,-0.0084937245,2943342.3,0.18652112,0.14615842,9.8003729e-05
2024-01-04 00:00:00+00:00,0.002038902,2949346.9,0.1196985,0.045289107,0.00010367674
2024-01-05 00:00:00+00:00,-0.0032864429,2939659.9,0.20291518,0.003864457,0.00010589745
2024-01-06 00:00:00+00:00,0.00030622826,2940555.2,0.20415479,-0.020038772,0.00011609002
2024-01-07 00:00:00+00:00,-0.00019365647,2939925.6,0.2677601,-0.10980082,0.00014233781
2024-01-08 00:00:00+00:00,0.00076789689,2942162.3,0.20869614,-0.013093585,0.00014640685
2024-01-09 00:00:00+00:00,-0.0019219736,2936496.7,0.19782088,0.032448596,9.2153049e-05
2024-01-10 00:00:00+00:00,3.0757735e-07,2936488.6,0.16011632,0.045241038,8.2083383e-05
2024-01-11 00:00:00+00:00,-0.0012840247,2932654.3,0.14131868,0.12480632,7.031191e-05
2024-01-12 00:00:00+00:00,-0.006200334,2914496.9,0.15282682,0.12592745,8.6022435e-05
2024-01-13 00:00:00+00:00,0.001769132,2919655,0.16000458,0.060883904,9.3322918e-05
2024-01-14 00:00:00+00:00,-0.0066512243,2900287.8,0.23868599,0.09083797,0.0001409632
2024-01-15 00:00:00+00:00,0.0020000975,2906084.5,0.20817975,0.078294826,0.00010688558
2024-01-16 00:00:00+00:00,0.00087927801,2908633.8,0.26867946,-0.0054161573,0.00014923754
2024-01-17 00:00:00+00:00,-0.0025956497,2901089.8,0.26815195,0.04249312,0.00015333293
2024-01-18 00:00:00+00:00,0.00044943638,2902387.2,0.29054555,0.079345544,0.00015341147
2024-01-19 00:00:00+00:00,0.00081661422,2904746.6,0.26112748,-0.018485989,0.0001062356
2024-01-20 00:00:00+00:00,-0.00074988157,2902567.4,0.19464201,0.060842599,9.370909e-05
2024-01-21 00:00:00+00:00,-0.00057075374,2900905.9,0.34126502,0.06374999,0.00017333989
2024-01-22 00:00:00+00:00,-0.0003300211,2899939.7,0.29092601,-0.030083614,0.0001338337
2024-01-23 00:00:00+00:00,-0.00116257,2896526.7,0.24500881,-0.17952232,0.00014183545
2024-01-24 00:00:00+00:00,-0.00092218374,2893837.1,0.21907068,-0.19020211,0.00014515182
2024-01-25 00:00:00+00:00,0.0024585011,2900914,0.34762588,-0.34641466,0.00016196991
2024-01-26 00:00:00+00:00,-0.013481379,2861991.7,0.32417849,-0.31361402,0.00012429266
2024-01-27 00:00:00+00:00,-0.0001507374,2861555.7,0.214677,-0.17597692,0.00012181179
2024-01-28 00:00:00+00:00,-0.00017306039,2861057.6,0.25513875,-0.027328691,0.00014578226
2024-01-29 00:00:00+00:00,-0.0014480373,2856909.5,0.23284403,0.0082121029,0.00010793707
2024-01-30 00:00:00+00:00,0.0030548069,2865639.8,0.22902411,0.062713627,0.00014036782
2024-01-31 00:00:00+00:00,-0.001423501,2861554.2,0.2942842,-0.07014304,0.0001720821
2024-02-01 00:00:00+00:00,-0.0032386153,2852263.7,0.26927081,-0.22868388,0.00014070793
2024-02-02 00:00:00+00:00,-0.00086688579,2849780.2,0.26417968,-0.16771368,0.00014825033
2024-02-03 00:00:00+00:00,-0.0028724284,2841581.1,0.29354883,-0.22103721,0.00022743723
2024-02-04 00:00:00+00:00,0.0034560265,2851374.5,0.41363274,-0.40814086,0.00022186581
2024-02-05 00:00:00+00:00,-0.00450875,2838527.5,0.3078949,-0.21225688,0.00018536971
2024-02-06 00:00:00+00:00,0.0019547627,2844078.3,0.35943283,0.017346305,0.00021742088
2024-02-07 00:00:00+00:00,0.0023443588,2850739.3,0.47286146,0.09989874,0.00028573527
2024-02-08 00:00:00+00:00,0.0062892647,2868669.8,0.55506676,0.32251659,0.00029712336
2024-02-09 00:00:00+00:00,0.010060232,2897477.7,0.68977712,0.49813592,0.0003181686
2024-02-10 00:00:00+00:00,0.0029962447,2906121.4,0.70591203,0.43866959,0.00035697045
2024-02-11 00:00:00+00:00,0.0010823477,2909169.7,0.77646911,0.62106148,0.00038847648
2024-02-12 00:00:00+00:00,0.020693142,2969567.2,0.78958234,0.61464674,0.00034909474
2024-02-13 00:00:00+00:00,-0.009016412,2942761.3,0.63458438,0.47730225,0.00030697153
2024-02-14 00:00:00+00:00,0.035985831,3050176,0.76124559,0.65470253,0.0004149997
2024-02-15 00:00:00+00:00,0.013908402,3091994.4,0.81436147,0.81436147,0.00035228996
2024-02-16 00:00:00+00:00,-0.0014435782,3087046.1,0.76742932,0.76742932,0.00035396166
2024-02-17 00:00:00+00:00,-0.013011303,3046827.6,0.71626451,0.71626451,0.00031164
2024-02-18 00:00:00+00:00,0.011456245,3081677.4,0.77608746,0.77608746,0.00039589672
2024-02-19 00:00:00+00:00,0.0060491288,3100022.8,0.82999418,0.82999418,0.00033538253
2024-02-20 00:00:00+00:00,0.0027197984,3107980.8,0.55654066,0.55654066,0.0002516344
2024-02-21 00:00:00+00:00,0.0047992812,3122760.5,0.42327031,0.38737538,0.00020169419
2024-02-22 00:00:00+00:00,0.00067827614,3124618.3,0.47149573,0.45429981,0.00024883907
2024-02-23 00:00:00+00:00,-0.0088983633,3096781,0.48704357,0.42758824,0.00021945778
2024-02-24 00:00:00+00:00,0.0052786611,3113112.3,0.47719729,0.43357561,0.00024407192
2024-02-25 00:00:00+00:00,0.010534024,3146014.4,0.59105856,0.51593692,0.00030191627
2024-02-26 00:00:00+00:00,0.017799836,3202182.5,0.59114331,0.52159371,0.00025616972
2024-02-27 00:00:00+00:00,0.016324747,3254530,0.57614183,0.57580949,0.00027647282
2024-02-28 00:00:00+00:00,0.039450796,3383637.1,0.56610899,0.56610899,0.00021656023
2024-02-29 00:00:00+00:00,-0.0037643313,3370588.8,0.40725998,0.40725998,0.00016641913
2024-03-01 00:00:00+00:00,0.014818237,3420668.3,0.43505026,0.43505026,0.0001971002
2024-03-02 00:00:00+00:00,-0.0027183553,3411234,0.50916946,0.50916946,0.00021538743
2024-03-03 00:00:00+00:00,0.0097922181,3444540,0.49381088,0.49381088,0.00021698173
2024-03-04 00:00:00+00:00,0.030188951,3549699.8,0.48381862,0.48381862,0.0002015627
2024-03-05 00:00:00+00:00,-0.037032961,3419275.5,0.36207542,0.36173485,0.00010326272
2024-03-06 00:00:00+00:00,0.008192511,3447298.8,0.1366279,0.1366279,6.0714846e-05
2024-03-07 00:00:00+00:00,0.0088006583,3477699.1,0.27387688,0.27387688,0.00016783174
2024-03-08 00:00:00+00:00,0.0043667703,3492719.3,0.34463288,0.34463288,0.00014015624
2024-03-09 00:00:00+00:00,0.0024699109,3501322.7,0.32400228,0.32400228,0.00012763166
2024-03-10 00:00:00+00:00,-0.0009522954,3497791.3,0.32901251,0.32901251,0.00016291065
2024-03-11 00:00:00+00:00,0.018341282,3562333.3,0.3092763,0.3092763,0.00012556829
2024-03-12 00:00:00+00:00,-0.0031521966,3551006,0.30128172,0.30128172,0.00012333422
2024-03-13 00:00:00+00:00,0.013199881,3598058.3,0.30395292,0.30395292,0.00012930354
2024-03-14 00:00:00+00:00,-0.0035478096,3585049.8,0.28956257,0.28956257,0.00011060854
2024-03-15 00:00:00+00:00,-0.009932074,3549312.3,0.14787819,0.14787819,7.2150486e-05
2024-03-16 00:00:00+00:00,-0.0086785211,3518619,0.11511965,0.10945438,5.1020655e-05
2024-03-17 00:00:00+00:00,-0.0010558608,3514852.2,0.11079851,0.097092633,5.704396e-05
2024-03-18 00:00:00+00:00,-0.0016620793,3508997.4,0.095643448,0.082940045,4.1632243e-05
2024-03-19 00:00:00+00:00,-0.0046746188,3492622.6,0.052306643,0.024749241,5.1086994e-05
2024-03-20 00:00:00+00:00,0.00064981608,3494890.9,0.044276752,0.019163202,4.0539121e-05
2024-03-21 00:00:00+00:00,3.9367838e-05,3495018.2,0.076975711,0.076975711,4.163487e-05
2024-03-22 00:00:00+00:00,-0.0035670254,3482538.1,0.094304093,0.092416597,4.5437155e-05
2024-03-23 00:00:00+00:00,0.0010864553,3486308.1,0.087143751,0.084756308,6.5385367e-05
2024-03-24 00:00:00+00:00,0.0023683626,3494555.6,0.14313965,0.14313965,8.1449631e-05
2024-03-25 00:00:00+00:00,0.0068662983,3518567,0.19171839,0.19171839,8.5283038e-05
2024-03-26 00:00:00+00:00,0.00053779616,3520425.1,0.17043321,0.17043321,7.6563225e-05
2024-03-27 00:00:00+00:00,0.0014352169,3525420.7,0.15876347,0.15876347,7.5241308e-05
2024-03-28 00:00:00+00:00,0.0033616749,3537262.6,0.15430078,0.15430078,7.4507684e-05
2024-03-29 00:00:00+00:00,-0.0018063685,3530836,0.17712443,0.17712443,8.1128953e-05
2024-03-30 00:00:00+00:00,-0.0022715127,3522813.9,0.15308508,0.15308508,7.3045511e-05
2024-03-31 00:00:00+00:00,0.0049398813,3540244.4,0.19438961,0.19438961,9.6196885e-05
2024-04-01 00:00:00+00:00,-0.0097406262,3505834.9,0.13763876,0.13731007,7.7789194e-05
2024-04-02 00:00:00+00:00,-0.0066061095,3482707.1,0.075271897,0.063271108,3.8922978e-05
2024-04-03 00:00:00+00:00,0.00057185171,3484694.9,0.06862259,0.031216652,4.0691642e-05
2024-04-04 00:00:00+00:00,-0.00032791276,3483546.9,0.081261257,0.025776468,5.4038013e-05
2024-04-05 00:00:00+00:00,-0.0020946097,3476253.7,0.084508979,0.03978397,5.1741243e-05
2024-04-06 00:00:00+00:00,0.0016858226,3482116.5,0.11267642,0.060374833,7.2650141e-05
2024-04-07 00:00:00+00:00,-0.00040684687,3480687.2,0.17099971,0.16376485,8.5311877e-05
2024-04-08 00:00:00+00:00,0.0041459211,3495116.1,0.20042611,0.19913189,0.00010327212
2024-04-09 00:00:00+00:00,-0.0062911771,3473170.8,0.16145549,0.16145549,7.7262678e-05
2024-04-10 00:00:00+00:00,0.0023520413,3481307.1,0.13498709,0.13498709,7.1149387e-05
2024-04-11 00:00:00+00:00,-0.00096299508,3477938.3,0.13318496,0.13318496,5.9519582e-05
2024-04-12 00:00:00+00:00,-0.0023014666,3469932.3,0.10933417,0.071038709,5.9064675e-05
2024-04-13 00:00:00+00:00,0.0033690272,3481543,0.070497521,-0.043711432,5.6828108e-05
2024-04-14 00:00:00+00:00,-0.0034843987,3469411.5,0.06295249,-0.061827679,2.920162e-05
2024-04-15 00:00:00+00:00,-2.9367663e-07,3469395.6,0.072723166,-0.060837959,4.601881e-05
2024-04-16 00:00:00+00:00,-0.0012738102,3464957.5,0.10030439,-0.098573879,5.0737601e-05
2024-04-17 00:00:00+00:00,0.0018072307,3471191.3,0.10278616,-0.10278616,4.5842145e-05
2024-04-18 00:00:00+00:00,-0.0025572353,3462318.9,0.078129891,-0.051464594,4.5654965e-05
2024-04-19 00:00:00+00:00,-0.0010938762,3458531.6,0.052409687,0.0025528023,4.3827234e-05
2024-04-20 00:00:00+00:00,-0.0020589867,3451416.5,0.063881338,-0.012467804,5.747059e-05
2024-04-21 00:00:00+00:00,0.00058484987,3453434.5,0.082144055,0.041414802,4.4776912e-05
2024-04-22 00:00:00+00:00,0.0017093544,3459337.1,0.09518004,0.067626144,5.2887333e-05
2024-04-23 00:00:00+00:00,-0.00061338128,3457210.7,0.1106094,0.099583807,5.2108513e-05
2024-04-24 00:00:00+00:00,-0.00068932592,3454823.3,0.10817234,0.059868537,5.9051818e-05
2024-04-25 00:00:00+00:00,0.00036235082,3456073.2,0.10556452,-0.020648189,5.3233663e-05
2024-04-26 00:00:00+00:00,-0.00075025913,3453477.6,0.12300222,-0.038172493,6.4798465e-05
2024-04-27 00:00:00+00:00,-0.0024524759,3445007,0.13001619,-0.077272331,7.3367559e-05
2024-04-28 00:00:00+00:00,0.00041221484,3446425.9,0.12395535,-0.027772244,9.1701891e-05
2024-04-29 00:00:00+00:00,-0.00034287904,3445217.6,0.1583978,-0.11433872,7.8578376e-05
2024-04-30 00:00:00+00:00,0.0032461486,3456402.2,0.11594536,-0.080927535,7.9221228e-05
2024-05-01 00:00:00+00:00,0.0002380745,3457103.2,0.15493159,-0.14886088,6.4942713e-05
2024-05-02 00:00:00+00:00,-0.0017486219,3451054.4,0.09974241,-0.086198193,4.4631849e-05
2024-05-03 00:00:00+00:00,-0.010421019,3415211.4,0.16360503,-0.12974628,9.9869258e-05
2024-05-04 00:00:00+00:00,-0.0010888433,3411493,0.10742705,-0.0096585071,7.6502242e-05
2024-05-05 00:00:00+00:00,-0.0003054207,3410448.2,0.13743355,0.013753656,0.00010190352
2024-05-06 00:00:00+00:00,-0.0035485329,3398353.9,0.13961594,0.067725661,8.7861541e-05
2024-05-07 00:00:00+00:00,0.00030795353,3399397.8,0.12433793,0.020512893,9.6744279e-05
2024-05-08 00:00:00+00:00,0.0027646293,3408762.9,0.26620148,-0.2130242,0.00020336185
2024-05-09 00:00:00+00:00,-0.0076741454,3382568.7,0.39244235,-0.34787317,0.0002060292
2024-05-10 00:00:00+00:00,0.010536617,3418238.8,0.34915062,-0.30638158,0.00019477162
2024-05-11 00:00:00+00:00,-0.0017326918,3412275.6,0.46696333,-0.44433324,0.00029707512
2024-05-12 00:00:00+00:00,-0.00056989323,3410221.6,0.67925436,-0.65473206,0.0003205122
2024-05-13 00:00:00+00:00,-0.0070148781,3386064.7,0.36177903,-0.3187663,0.00018791857
2024-05-14 00:00:00+00:00,0.0038015549,3398946.3,0.22991638,-0.19788849,0.00018230295
2024-05-15 00:00:00+00:00,-0.0081632909,3371250.7,0.30346316,-0.13619696,0.00019351649
2024-05-16 00:00:00+00:00,-0.0038810628,3358156.6,0.21760172,0.16166911,0.00012180114
2024-05-17 00:00:00+00:00,-0.000119577,3357731.3,0.21977409,0.16401263,0.00014845577
2024-05-18 00:00:00+00:00,-0.00088194439,3354763,0.2358333,0.22927369,0.00015022204
2024-05-19 00:00:00+00:00,-0.0027817009,3345415.4,0.35017307,0.27128587,0.00021686667
2024-05-20 00:00:00+00:00,0.0076400763,3371021.1,0.23004253,0.068139028,0.00015749025
2024-05-21 00:00:00+00:00,0.0012217322,3375045.8,0.29973251,0.28438918,0.0001642371
2024-05-22 00:00:00+00:00,-0.0047207849,3358958.5,0.45896911,0.4319012,0.00023675262
2024-05-23 00:00:00+00:00,-0.0084143017,3330500.7,0.40102267,0.31970303,0.00017654952
2024-05-24 00:00:00+00:00,-0.004579278,3315241.1,0.23813483,0.21151424,0.00019536849
2024-05-25 00:00:00+00:00,0.005143855,3332290.4,0.41757917,0.41757917,0.00019947665
2024-05-26 00:00:00+00:00,0.00069072753,3334544.1,0.30100921,0.25483866,0.00022789038
2024-05-27 00:00:00+00:00,-0.0010759914,3330883.5,0.31432092,0.27538277,0.000192364
2024-05-28 00:00:00+00:00,-0.0029658192,3320978.1,0.25675732,0.18695868,0.00016594071
2024-05-29 00:00:00+00:00,-0.0073189928,3296718.2,0.32305447,0.2452389,0.00019550793
2024-05-30 00:00:00+00:00,-0.0013886203,3292110,0.33630645,0.12965933,0.00025430495
2024-05-31 00:00:00+00:00,-0.0012545481,3287956.1,0.3760913,0.17276025,0.00016544404
2024-06-01 00:00:00+00:00,0.0050199355,3304482.8,0.45351746,0.21017741,0.00030162315
2024-06-02 00:00:00+00:00,-0.0030109539,3294532.6,0.57750881,0.22542419,0.00033214711
2024-06-03 00:00:00+00:00,0.0043534329,3308789.5,0.49699137,0.26009278,0.00025114803
2024-06-04 00:00:00+00:00,0.016105093,3362446.8,0.43688543,0.17341185,0.000274246
2024-06-05 00:00:00+00:00,0.0030643174,3372589.6,0.60574857,0.44610275,0.00029470129
2024-06-06 00:00:00+00:00,-0.00016073146,3371918.1,0.68862788,0.44108519,0.00035580382
2024-06-07 00:00:00+00:00,-0.0078740715,3345271.9,0.66045226,0.43086797,0.00028706399
2024-06-08 00:00:00+00:00,-0.00039115058,3343943.8,0.47368215,0.18692283,0.00022281441
2024-06-09 00:00:00+00:00,-0.0046113038,3328540.7,0.80461665,-0.052900372,0.00037468047
2024-06-10 00:00:00+00:00,-0.0030785333,3318214.5,0.54533274,-0.38270917,0.00025457526
2024-06-11 00:00:00+00:00,0.019679545,3383815.7,0.54557815,-0.53679553,0.00024214329
2024-06-12 00:00:00+00:00,-0.023220676,3305765.1,0.33721634,-0.26956632,0.00014268687
2024-06-13 00:00:00+00:00,0.0019199196,3312107.1,0.17215366,-0.10484382,9.3458988e-05
2024-06-14 00:00:00+00:00,0.00081530745,3314613.9,0.34767672,-0.31359456,0.00024607353
2024-06-15 00:00:00+00:00,-0.0061916223,3294128.1,0.39542377,-0.33526769,0.00018760681
2024-06-16 00:00:00+00:00,-0.0011553822,3290312.4,0.49274449,-0.027493225,0.00032513218
2024-06-17 00:00:00+00:00,-0.0019983099,3283559.6,0.39508695,-0.15933082,0.00027843456
2024-06-18 00:00:00+00:00,0.0026751337,3292106.2,0.2789579,-0.25903952,0.00021145936
2024-06-19 00:00:00+00:00,0.0013039129,3296322.4,0.43624993,-0.33547423,0.00023584016
2024-06-20 00:00:00+00:00,0.0015280172,3301186.8,0.54482729,-0.54356371,0.00027884204
2024-06-21 00:00:00+00:00,0.0014258328,3305388.3,0.62400122,-0.62400122,0.00026670223
2024-06-22 00:00:00+00:00,-0.0046480687,3290032.7,0.60755071,-0.60755071,0.000371712
2024-06-23 00:00:00+00:00,0.011082531,3326555.5,0.72913077,-0.72913077,0.00043632897
2024-06-24 00:00:00+00:00,0.020760224,3395251.5,0.76185109,-0.76185109,0.00035439379
2024-06-25 00:00:00+00:00,-0.011456758,3356416.7,0.44005023,-0.44005023,0.00019797077
2024-06-26 00:00:00+00:00,0.0049403061,3372917.9,0.5440266,-0.5440266,0.00034523501
2024-06-27 00:00:00+00:00,-0.011792577,3333154.9,0.62776708,-0.62776708,0.00027391246
2024-06-28 00:00:00+00:00,0.0048169892,3349143.4,0.47151648,-0.47151648,0.0002249104
2024-06-29 00:00:00+00:00,-0.00094859664,3345953,0.4126882,-0.4126882,0.00021368049
2024-06-30 00:00:00+00:00,-0.011664676,3307027.2,0.46488965,-0.46488965,0.00034378394
2024-07-01 00:00:00+00:00,-0.00089651677,3304045.7,0.20476451,-0.14044401,0.00012171591
2024-07-02 00:00:00+00:00,-0.0028310017,3294695.8,0.18988167,-0.16908464,0.00018918059
2024-07-03 00:00:00+00:00,0.019976169,3360732.8,0.63372433,-0.63372433,0.00036507252
2024-07-04 00:00:00+00:00,0.045530279,3515958.3,0.55218167,-0.55218167,0.00028387346
2024-07-05 00:00:00+00:00,0.015701992,3568973.7,0.41572008,-0.41572008,0.00020495313
2024-07-06 00:00:00+00:00,-0.014208899,3518395.5,0.45866665,-0.45866665,0.00027372524
2024-07-07 00:00:00+00:00,0.03893544,3657379.8,0.57978467,-0.57978467,0.00024297337
2024-07-08 00:00:00+00:00,-0.031030505,3544637.2,0.33455655,-0.33455655,0.00014894813
2024-07-09 00:00:00+00:00,-0.0014428077,3539468,0.25731727,-0.25731727,0.00018843584
2024-07-10 00:00:00+00:00,-0.0060334533,3518144.9,0.18575005,-0.18575005,0.00015009747
2024-07-11 00:00:00+00:00,-0.00045766614,3516488.2,0.21438648,-0.21431098,0.00012054625
2024-07-12 00:00:00+00:00,-0.0035649576,3503934.5,0.2235935,-0.21800168,9.5756437e-05
2024-07-13 00:00:00+00:00,-0.0015975177,3498305,0.17407796,-0.082576871,0.00011195701
2024-07-14 00:00:00+00:00,-0.0021368182,3490823.5,0.13528786,-0.05364393,5.5082738e-05
2024-07-15 00:00:00+00:00,0.0033995493,3502699.4,0.1184068,0.07306529,8.2234677e-05
2024-07-16 00:00:00+00:00,0.00086996505,3505699.7,0.14138477,0.13957635,8.0836865e-05
2024-07-17 00:00:00+00:00,0.0018274808,3512083.4,0.18276559,0.18276559,8.5954885e-05
2024-07-18 00:00:00+00:00,-0.010223758,3476285.6,0.23015214,0.23015214,0.00011455869
2024-07-19 00:00:00+00:00,0.0085889404,3506207.3,0.23691789,0.23691789,0.0001134104
2024-07-20 00:00:00+00:00,0.003749148,3519350.4,0.22813415,0.22813415,9.8037335e-05
2024-07-21 00:00:00+00:00,0.0029540823,3529711.5,0.22006319,0.22006319,0.00011400413
2024-07-22 00:00:00+00:00,-0.0016877574,3523713.7,0.19849556,0.19849556,8.4379543e-05
2024-07-23 00:00:00+00:00,-0.0052533697,3505188.3,0.16566898,0.16566898,6.2002044e-05
2024-07-24 00:00:00+00:00,0.0010307073,3508775.6,0.1579978,0.15476787,7.8108109e-05
2024-07-25 00:00:00+00:00,-0.0024086882,3500316.4,0.12875572,-0.00018278016,8.0042375e-05
2024-07-26 00:00:00+00:00,-0.00052835776,3498461.7,0.14616913,0.066238383,8.5476292e-05
2024-07-27 00:00:00+00:00,-0.0012179643,3494195.6,0.20277838,0.09808216,9.5685529e-05
2024-07-28 00:00:00+00:00,0.00081255716,3497033,0.20550326,0.083457157,0.00011790415
2024-07-29 00:00:00+00:00,-0.0047010397,3480612.3,0.20965179,0.12301995,0.00011002735
2024-07-30 00:00:00+00:00,0.0011691834,3484675.8,0.10519346,0.071542133,7.7326049e-05
2024-07-31 00:00:00+00:00,-0.00058424376,3482633.5,0.14173447,-0.020048757,0.00010356685
2024-08-01 00:00:00+00:00,-0.0019962073,3475631.1,0.18053549,-0.13763955,9.8414662e-05
2024-08-02 00:00:00+00:00,0.0097865864,3509757.5,0.14179105,-0.12418496,0.00010165881
2024-08-03 00:00:00+00:00,0.0008544646,3512664.8,0.26816365,-0.26195128,0.00018576238
2024-08-04 00:00:00+00:00,0.036792386,3643434.5,0.34043171,-0.33646994,0.00015869795
2024-08-05 00:00:00+00:00,0.0079666388,3670765.3,0.22205939,-0.22205939,9.4753203e-05
2024-08-06 00:00:00+00:00,0.0018730773,3677610.3,0.11391713,-0.11391713,7.6949118e-05
2024-08-07 00:00:00+00:00,0.0043320518,3693467.3,0.2105935,-0.20808433,0.00011453009
2024-08-08 00:00:00+00:00,-0.017455327,3629382.8,0.14838569,-0.13376911,6.2465973e-05
2024-08-09 00:00:00+00:00,0.00069839455,3631912.9,0.097867128,-0.06669589,5.1173999e-05
2024-08-10 00:00:00+00:00,-0.0011779099,3627634.8,0.095591175,-0.029604689,5.7842534e-05
2024-08-11 00:00:00+00:00,0.0012120269,3632027.4,0.10853083,-0.047189507,6.5015063e-05
2024-08-12 00:00:00+00:00,-0.0054599521,3612217,0.090491304,-0.063218456,3.3328766e-05
2024-08-13 00:00:00+00:00,-0.00067005749,3609792.8,0.050509103,-0.049821062,4.0407178e-05
2024-08-14 00:00:00+00:00,0.0019372574,3616776.8,0.10970793,-0.10970793,5.6409111e-05
2024-08-15 00:00:00+00:00,0.0023962447,3625416.2,0.15400493,-0.15400493,9.2425341e-05
2024-08-16 00:00:00+00:00,-0.0022710783,3617157.5,0.14695156,-0.14628871,5.318185e-05
2024-08-17 00:00:00+00:00,-0.0019989679,3609931.9,0.11634714,-0.09797573,7.5927267e-05
2024-08-18 00:00:00+00:00,0.0011490606,3614069.6,0.12877199,-0.087602184,7.4218846e-05
2024-08-19 00:00:00+00:00,0.00020631531,3614811.2,0.096794249,-0.043025765,5.5137199e-05
2024-08-20 00:00:00+00:00,-0.00070352079,3612267.9,0.10299912,0.017552978,6.2132063e-05
2024-08-21 00:00:00+00:00,-0.0011005271,3608293.7,0.095821938,0.016398479,4.2928864e-05
2024-08-22 00:00:00+00:00,-2.2778497e-05,3608208.5,0.094891498,0.012403413,6.1231624e-05
2024-08-23 00:00:00+00:00,-0.00055200956,3606212.9,0.11216347,0.035961286,7.2064557e-05
2024-08-24 00:00:00+00:00,-0.0010341319,3602470.9,0.1203813,0.11059207,4.6238737e-05
2024-08-25 00:00:00+00:00,-0.00097558754,3598957,0.089389333,0.063230115,6.4987425e-05
2024-08-26 00:00:00+00:00,-0.0015175184,3593498,0.12610851,0.050604531,7.8951006e-05
2024-08-27 00:00:00+00:00,0.0082509593,3623229.4,0.14945406,-0.091590294,0.00010273108
2024-08-28 00:00:00+00:00,-0.0064866077,3599691.5,0.16825642,-0.16825642,9.1439554e-05
2024-08-29 00:00:00+00:00,0.0012662901,3604208.2,0.1750773,-0.1750773,0.00010523979
2024-08-30 00:00:00+00:00,-0.002171383,3596258,0.24858813,-0.24858813,0.00011351252
2024-08-31 00:00:00+00:00,0.0013802469,3601218.1,0.18040897,-0.17984969,9.3347153e-05
2024-09-01 00:00:00+00:00,0.0082119101,3630756.2,0.31014447,-0.3098378,0.00013606737
2024-09-02 00:00:00+00:00,-0.0044000589,3614789.3,0.11964411,-0.1170728,5.6939985e-05
2024-09-03 00:00:00+00:00,0.0035716681,3627713.5,0.12330792,-0.077038576,0.00010151437
2024-09-04 00:00:00+00:00,-0.0022756711,3619452,0.14707921,-0.068056199,8.2579928e-05
2024-09-05 00:00:00+00:00,0.0011339311,3623537.4,0.17602729,-0.15305082,0.00011202346
2024-09-06 00:00:00+00:00,0.0065480276,3647031.9,0.24985883,-0.24805787,0.000204261
2024-09-07 00:00:00+00:00,-0.0038245179,3633072.5,0.28817959,-0.28817959,0.00017158071
2024-09-08 00:00:00+00:00,-0.0075524292,3605541.5,0.49037104,-0.49037104,0.00021807365
2024-09-09 00:00:00+00:00,-0.010035279,3569350.5,0.30092476,-0.29982117,0.00012459061
2024-09-10 00:00:00+00:00,-0.002016744,3562145.6,0.1561277,-0.14613159,6.1619534e-05
2024-09-11 00:00:00+00:00,-0.00022330631,3561321.9,0.14126885,-0.094239679,0.00011026203
2024-09-12 00:00:00+00:00,-0.0025633107,3552195.5,0.13163436,0.010330156,8.3724137e-05
2024-09-13 00:00:00+00:00,0.0012233295,3556539.9,0.17117652,0.061836261,0.00011064078
2024-09-14 00:00:00+00:00,0.00078732898,3559338.9,0.20737495,0.13260046,0.0001023855
2024-09-15 00:00:00+00:00,-0.00070403332,3556824.3,0.27576753,0.14672157,0.0001693965
2024-09-16 00:00:00+00:00,0.00043480811,3558362.6,0.18580884,-0.03479044,0.0001095194
2024-09-17 00:00:00+00:00,-0.0042073947,3543410.5,0.16098814,-0.063262211,8.9880878e-05
2024-09-18 00:00:00+00:00,-0.0054985528,3523964,0.1390674,-0.058312692,9.3704413e-05
2024-09-19 00:00:00+00:00,-0.0015735172,3518420.6,0.15350651,0.02502073,8.4594296e-05
2024-09-20 00:00:00+00:00,-0.0016395006,3512649.6,0.15844767,0.13649564,9.6883273e-05
2024-09-21 00:00:00+00:00,0.0044236593,3528208,0.23363751,0.23332397,0.00012517523
2024-09-22 00:00:00+00:00,-0.0024718102,3519456.8,0.25068175,0.25041891,9.5991835e-05
2024-09-23 00:00:00+00:00,0.0006388596,3521677.7,0.25578962,0.25492167,0.0001199914
2024-09-24 00:00:00+00:00,0.00082059704,3524556.5,0.19897446,0.19634008,9.7378216e-05
2024-09-25 00:00:00+00:00,-0.0063230072,3502308.1,0.19485313,0.18874859,0.00010247638
2024-09-26 00:00:00+00:00,0.0046884327,3518729.9,0.1831484,0.1789909,0.00012283736
2024-09-27 00:00:00+00:00,0.0047292541,3535363.4,0.27749446,0.27749446,0.00014609213
2024-09-28 00:00:00+00:00,-0.00047259666,3533619.5,0.3156385,0.3156385,0.00015927081
2024-09-29 00:00:00+00:00,-0.003051917,3522797.7,0.35951519,0.35951519,0.00020719126
2024-09-30 00:00:00+00:00,-0.013045196,3477020.7,0.23984542,0.23984542,0.00013074785
2024-10-01 00:00:00+00:00,-0.0045234429,3461285.6,0.16382152,0.10577565,0.00010530028
2024-10-02 00:00:00+00:00,0.00028407038,3462246.1,0.11831122,-0.096426898,0.0001090092
2024-10-03 00:00:00+00:00,0.0018735891,3468662.3,0.21672885,-0.21672885,0.00010491823
2024-10-04 00:00:00+00:00,-0.0084257843,3439509.9,0.16367891,-0.14041393,0.00013687927
2024-10-05 00:00:00+00:00,7.1484067e-06,3439526.9,0.21783079,-0.076270593,0.00013364428
2024-10-06 00:00:00+00:00,0.0045290033,3455081.8,0.3778483,0.070546243,0.00031161909
2024-10-07 00:00:00+00:00,-0.0080965726,3427107.9,0.47370789,0.26111974,0.00018867755
2024-10-08 00:00:00+00:00,-0.00060183046,3425030.1,0.24050466,0.14149522,0.00011792536
2024-10-09 00:00:00+00:00,-0.0034324499,3413273.3,0.27414901,0.091347312,0.00019794709
2024-10-10 00:00:00+00:00,-0.0033416705,3401872.9,0.21656025,-0.12459194,0.00012692295
2024-10-11 00:00:00+00:00,-0.0033951007,3390337.4,0.1946204,-0.086248706,0.00010934948
2024-10-12 00:00:00+00:00,-0.0012389137,3386136,0.26858718,-0.085657059,0.00019615806
2024-10-13 00:00:00+00:00,-0.00096285121,3382865.2,0.28023348,-0.11263467,0.00019202141
2024-10-14 00:00:00+00:00,0.0001561196,3383327,0.30067077,0.13053577,0.00027861144
2024-10-15 00:00:00+00:00,-0.004525107,3367494.8,0.39280901,0.29894678,0.00022774047
2024-10-16 00:00:00+00:00,0.0047730325,3383537,0.42215711,0.36724148,0.00034705221
2024-10-17 00:00:00+00:00,0.00021322378,3383944,0.70215822,0.6959745,0.00031317465
2024-10-18 00:00:00+00:00,0.0099329611,3417456.2,0.62916777,0.62239293,0.00029008275
2024-10-19 00:00:00+00:00,0.001476493,3422328.9,0.68445594,0.60720017,0.00034479396
2024-10-20 00:00:00+00:00,0.010059855,3456785.2,0.76442557,0.63386407,0.00040474743
2024-10-21 00:00:00+00:00,-0.013914532,3408840.3,0.49972895,0.43841973,0.00024610996
2024-10-22 00:00:00+00:00,-0.0039040551,3395464.8,0.36229441,0.24144068,0.00018044583
2024-10-23 00:00:00+00:00,0.00079230656,3398131,0.33273493,-0.03217367,0.0002590745
2024-10-24 00:00:00+00:00,-0.00074442023,3395588.6,0.29553983,0.039647881,0.00018015002
2024-10-25 00:00:00+00:00,0.0026097107,3404418.7,0.44901176,-0.056519256,0.00024765686
2024-10-26 00:00:00+00:00,-0.0022298004,3396825.5,0.35989858,-0.15402859,0.0001744943
2024-10-27 00:00:00+00:00,0.0021169848,3404008.9,0.54976503,-0.006599062,0.00033834355
2024-10-28 00:00:00+00:00,0.017751733,3464869.5,0.69566552,0.11286726,0.0004019814
2024-10-29 00:00:00+00:00,0.0086156861,3494608.8,0.65826135,0.34423527,0.00027875841
2024-10-30 00:00:00+00:00,-0.0054138745,3475600.6,0.62696279,0.33659959,0.0003026948
2024-10-31 00:00:00+00:00,-0.015079738,3423380.2,0.63400431,0.29876687,0.00029546659
2024-11-01 00:00:00+00:00,-0.0070443599,3399072.3,0.36388282,0.11952028,0.00018027475
2024-11-02 00:00:00+00:00,-0.001415486,3394258.2,0.28273967,0.017142448,0.00021325958
2024-11-03 00:00:00+00:00,-0.0016048388,3388750.4,0.45201096,-0.25042088,0.00023702741
2024-11-04 00:00:00+00:00,0.0016618892,3394311.4,0.38143579,-0.24126287,0.00021268227
2024-11-05 00:00:00+00:00,0.00097775162,3397540.1,0.31696596,-0.062166602,0.00015544007
2024-11-06 00:00:00+00:00,0.0134009,3443145,0.29895544,0.28864847,0.00023280052
2024-11-07 00:00:00+00:00,0.012976627,3487587.4,0.63192644,0.63192644,0.0003395194
2024-11-08 00:00:00+00:00,0.0090805979,3518781.6,0.75856863,0.75856863,0.00035277368
2024-11-09 00:00:00+00:00,0.02736872,3616050.6,0.84607604,0.84607604,0.00034735478
2024-11-10 00:00:00+00:00,0.045520599,3782508.3,0.8164009,0.8164009,0.00032479239
2024-11-11 00:00:00+00:00,0.042433806,3945212,0.56515614,0.56515614,0.00024835677
2024-11-12 00:00:00+00:00,0.0053490307,3964804.5,0.43812937,0.43812937,0.00018391762
2024-11-13 00:00:00+00:00,-0.0037566404,3949123.7,0.33308264,0.33308264,0.00014688724
2024-11-14 00:00:00+00:00,0.00035588626,3950076.5,0.27695377,0.27695377,0.00011738486
2024-11-15 00:00:00+00:00,0.01000426,3989561.5,0.26672315,0.26672315,0.00012175025
2024-11-16 00:00:00+00:00,0.011734226,4036459.1,0.30983276,0.30983276,0.00013366201
2024-11-17 00:00:00+00:00,-0.0052622311,4015101.3,0.25864015,0.25864015,0.00011210057
2024-11-18 00:00:00+00:00,0.0043904098,4032514.4,0.2558623,0.2558623,0.00012358148
2024-11-19 00:00:00+00:00,-0.00052586311,4030294.1,0.2469249,0.2469249,0.00011389018
2024-11-20 00:00:00+00:00,0.0017720838,4037358.1,0.2684132,0.2684132,0.00012798351
2024-11-21 00:00:00+00:00,0.013156379,4090665.8,0.25089449,0.25011414,0.00011176363
2024-11-22 00:00:00+00:00,0.012570976,4142274,0.26597364,0.26597364,0.00012889109
2024-11-23 00:00:00+00:00,0.0017457521,4149328.5,0.30087544,0.30087544,0.00012498935
2024-11-24 00:00:00+00:00,-0.0061734635,4123546.6,0.28818211,0.28818211,0.00013045079
2024-11-25 00:00:00+00:00,-0.004386993,4105242.2,0.26179663,0.26179663,9.3282747e-05
2024-11-26 00:00:00+00:00,-0.0058274245,4081280.2,0.16155471,0.15832376,6.7503715e-05
2024-11-27 00:00:00+00:00,0.011073293,4126687.8,0.16959385,0.16635583,0.00010806556
2024-11-28 00:00:00+00:00,-0.0020210449,4118314.7,0.21651401,0.21651401,0.00010719182
2024-11-29 00:00:00+00:00,0.0082229657,4152241.2,0.2541221,0.2541221,0.00011806517
2024-11-30 00:00:00+00:00,0.0043349918,4170209.2,0.2650117,0.2650117,0.00013383388
2024-12-01 00:00:00+00:00,0.01278333,4223741.6,0.32588025,0.32588025,0.00016167463
2024-12-02 00:00:00+00:00,-0.0032794169,4209466.8,0.26657104,0.26657104,0.00010900083
2024-12-03 00:00:00+00:00,0.0035236227,4224036.6,0.21030072,0.21030072,0.0001024291
2024-12-04 00:00:00+00:00,-0.00027361472,4222704.7,0.25789855,0.25789855,0.00012063519
2024-12-05 00:00:00+00:00,0.0020512974,4231043.4,0.25027407,0.25027407,0.00010584949
2024-12-06 00:00:00+00:00,0.0067555677,4259609,0.24354601,0.24354601,0.00011572775
2024-12-07 00:00:00+00:00,0.0032017959,4273234.8,0.28999448,0.28999448,0.00014390585
2024-12-08 00:00:00+00:00,-0.0041430964,4255402.3,0.33425893,0.33425893,0.00014891188
2024-12-09 00:00:00+00:00,-0.014207425,4195121.5,0.23100126,0.23100126,0.0001038213
2024-12-10 00:00:00+00:00,-0.0058303752,4170567.5,0.12218734,0.1218823,5.369641e-05
2024-12-11 00:00:00+00:00,0.0046125552,4189819.5,0.10779775,0.10753098,5.4610141e-05
2024-12-12 00:00:00+00:00,-0.00069055698,4186879.3,0.15654114,0.15654114,6.4177286e-05
2024-12-13 00:00:00+00:00,0.0013188221,4192375.2,0.14563078,0.14563078,7.5185747e-05
2024-12-14 00:00:00+00:00,-0.0018505258,4184598.6,0.19323109,0.19323109,0.00010561022
2024-12-15 00:00:00+00:00,0.008125917,4218645.6,0.27126866,0.27126866,0.00012811291
2024-12-16 00:00:00+00:00,-0.0030523659,4205699.9,0.25857194,0.25857194,0.0001190882
2024-12-17 00:00:00+00:00,-0.00038577698,4204002.1,0.2271061,0.2271061,0.00011440887
2024-12-18 00:00:00+00:00,-0.009237379,4165265.2,0.15727871,0.15665012,6.0006684e-05
2024-12-19 00:00:00+00:00,-0.0014033411,4159409.3,0.073558664,0.054866803,3.3466585e-05
2024-12-20 00:00:00+00:00,-0.0040079346,4142745.9,0.053218828,-0.012883986,3.9507945e-05
2024-12-21 00:00:00+00:00,-0.00061470272,4140199,0.046244078,-0.011502547,4.1287205e-05
2024-12-22 00:00:00+00:00,0.0017023273,4147240.3,0.068828436,-0.055556923,3.293448e-05
2024-12-23 00:00:00+00:00,-0.0023928322,4137317.2,0.06077473,-0.042213037,3.2433473e-05
2024-12-24 00:00:00+00:00,-0.00028180417,4136146.3,0.060123942,0.040788251,5.4314282e-05
2024-12-25 00:00:00+00:00,-0.00020137702,4135303.2,0.12209521,0.12062964,6.2663793e-05
2024-12-26 00:00:00+00:00,-0.0012970086,4129940,0.077192116,0.046831063,4.4508101e-05
2024-12-27 00:00:00+00:00,-0.00028208901,4128771.6,0.070864111,0.042969082,2.7785145e-05
2024-12-28 00:00:00+00:00,0.00090324899,4132501.1,0.068420208,0.040579714,4.7719677e-05
2024-12-29 00:00:00+00:00,-0.0002227505,4131579.1,0.083457115,-0.020819701,5.9155899e-05
2024-12-30 00:00:00+00:00,0.00010354472,4131992.4,0.096527247,-0.06053272,4.494263e-05
2024-12-31 00:00:00+00:00,-0.0011024367,4127438.8,0.051637571,-0.01270391,2.9396394e-05
2025-01-01 00:00:00+00:00,-0.0004816526,4125450.4,0.075661221,0.016158981,5.5784456e-05
2025-01-02 00:00:00+00:00,0.00048389048,4127439.6,0.11116894,0.11045025,8.026626e-05
2025-01-03 00:00:00+00:00,0.0063178784,4153572.3,0.17031354,0.17031354,0.00011562561
2025-01-04 00:00:00+00:00,0.00036828472,4155068.6,0.22367325,0.22367325,0.00012242301
2025-01-05 00:00:00+00:00,-0.0025739444,4144369.6,0.24341509,0.24341509,0.00011201223
2025-01-06 00:00:00+00:00,0.0060252452,4169368.8,0.25487341,0.25487341,0.00012173876
2025-01-07 00:00:00+00:00,-0.0090923632,4131579.5,0.15979913,0.15351231,5.7893771e-05
2025-01-08 00:00:00+00:00,-0.00091714702,4127791,0.045483032,0.00054437058,3.5239916e-05
2025-01-09 00:00:00+00:00,-0.0013687988,4122135.4,0.07389423,-0.036376245,6.5950661e-05
2025-01-10 00:00:00+00:00,-0.00097454203,4118116,0.076350494,-0.040866515,3.8782569e-05
2025-01-11 00:00:00+00:00,0.00025870121,4119171.1,0.17563436,-0.10386237,0.00011591641
2025-01-12 00:00:00+00:00,-0.0012265109,4114113.7,0.23729365,-0.13017993,0.00011360033
2025-01-13 00:00:00+00:00,0.0030891692,4126791.6,0.23020428,-0.12133168,0.00012368771
2025-01-14 00:00:00+00:00,0.0023170135,4136352.3,0.14702184,0.042288733,9.8634682e-05
2025-01-15 00:00:00+00:00,0.0086916029,4172294,0.17607633,0.12537544,0.00010531223
2025-01-16 00:00:00+00:00,0.0051128024,4193562.5,0.17152815,0.15327044,9.3418422e-05
2025-01-17 00:00:00+00:00,0.0058031025,4217903.7,0.23676768,0.22629724,0.00015255387
2025-01-18 00:00:00+00:00,-0.0051906498,4195872.6,0.22719417,0.22447485,0.00011523919
2025-01-19 00:00:00+00:00,-0.015931264,4129297.5,0.22558943,0.2146392,0.00011140841
2025-01-20 00:00:00+00:00,0.0038060027,4144932.7,0.096434353,0.075795442,4.7984936e-05
2025-01-21 00:00:00+00:00,-8.294143e-05,4144583.5,0.082726131,0.031461692,5.2045623e-05
2025-01-22 00:00:00+00:00,-0.0019217736,4136609.4,0.14520303,0.093821731,9.0011369e-05
2025-01-23 00:00:00+00:00,-0.00106819,4132177.8,0.16584857,0.054605972,7.4988198e-05
2025-01-24 00:00:00+00:00,-0.00039739209,4130526.7,0.1356836,0.086882527,8.4685558e-05
2025-01-25 00:00:00+00:00,-0.00027691399,4129375,0.17662467,0.14617768,0.00013887295
2025-01-26 00:00:00+00:00,-0.0024617121,4119207.4,0.25137051,0.20734313,0.00014773043
2025-01-27 00:00:00+00:00,-0.00096702261,4115207.1,0.19073564,-0.072401312,8.9529121e-05
2025-01-28 00:00:00+00:00,0.00069932122,4118080,0.13808316,5.4834106e-05,0.00010462583
2025-01-29 00:00:00+00:00,-0.0011683016,4113262.7,0.21960385,-0.060923035,0.00012146374
2025-01-30 00:00:00+00:00,-0.0032954321,4099724.3,0.25981826,-0.016276674,0.00014168764
2025-01-31 00:00:00+00:00,-0.0045758073,4080995.1,0.2093966,-0.058844881,0.00011038504
2025-02-01 00:00:00+00:00,-0.00038733073,4079383.9,0.15080271,-0.033170566,0.00016911391
2025-02-02 00:00:00+00:00,0.032199591,4212216.4,0.30084493,-0.29914758,0.00017716551
2025-02-03 00:00:00+00:00,0.0048908547,4230385.8,0.16549681,-0.16549681,8.1342374e-05
2025-02-04 00:00:00+00:00,0.0031145817,4243411.3,0.1438346,-0.1438346,0.0001166054
2025-02-05 00:00:00+00:00,0.0030237923,4256078.7,0.2649992,-0.2649992,0.00015065156
2025-02-06 00:00:00+00:00,0.0036779529,4271458.5,0.34037513,-0.34037513,0.00014981002
2025-02-07 00:00:00+00:00,-0.0028505063,4259028,0.30036677,-0.30036677,0.00013308214
2025-02-08 00:00:00+00:00,-0.0045777892,4239537.5,0.1929134,-0.1929134,0.00014643981
2025-02-09 00:00:00+00:00,-0.00015432419,4238580.4,0.26912067,-0.26789019,0.00015070228
2025-02-10 00:00:00+00:00,-0.0034865157,4223741.3,0.14524921,-0.14412005,7.5420573e-05
2025-02-11 00:00:00+00:00,0.0036482573,4239094.8,0.16246275,-0.16119666,9.471706e-05
2025-02-12 00:00:00+00:00,-0.0046646883,4219303,0.18951638,-0.16363196,8.8197757e-05
2025-02-13 00:00:00+00:00,-0.001627568,4212419.5,0.19309952,-0.13784627,0.00010692204
2025-02-14 00:00:00+00:00,-0.0053558465,4189872.8,0.17797406,-0.16268115,7.7912181e-05
2025-02-15 00:00:00+00:00,-0.00026486296,4188753.3,0.15799703,-0.13340245,8.0484463e-05
2025-02-16 00:00:00+00:00,0.0027546453,4200287.5,0.27074782,-0.22987284,0.00015004058
2025-02-17 00:00:00+00:00,-0.0027817531,4188604.5,0.16008162,-0.072150201,0.0001354585
2025-02-18 00:00:00+00:00,0.00062268662,4191178,0.15104156,-0.14742311,8.1992729e-05
2025-02-19 00:00:00+00:00,-0.003945575,4174649.2,0.15782929,-0.14552999,7.4099079e-05
2025-02-20 00:00:00+00:00,-0.00025381723,4173578.8,0.14844246,-0.11567233,8.0713555e-05
2025-02-21 00:00:00+00:00,0.00042148848,4175313,0.11608114,-0.091650857,9.5510964e-05
2025-02-22 00:00:00+00:00,-0.0023614206,4165459.4,0.11236771,-0.10002579,6.0396443e-05
2025-02-23 00:00:00+00:00,0.00061330104,4167996.7,0.19617525,-0.18048217,0.00012759159
2025-02-24 00:00:00+00:00,0.027082116,4281916.2,0.30700936,-0.30302089,0.00020451892
2025-02-25 00:00:00+00:00,0.0073467535,4312560.6,0.38477492,-0.38477492,0.0001528949
2025-02-26 00:00:00+00:00,0.013162073,4369129.6,0.36103411,-0.36103411,0.00021637052
2025-02-27 00:00:00+00:00,0.0022518636,4378405.3,0.46646928,-0.46646928,0.00020013598
2025-02-28 00:00:00+00:00,0.010244292,4422048,0.42535058,-0.42535058,0.00017255706
2025-03-01 00:00:00+00:00,-0.0104015,4376032.5,0.3944936,-0.3944936,0.0002140964
2025-03-02 00:00:00+00:00,-0.03277401,4233490.8,0.30798521,-0.30351207,0.00010666489
2025-03-03 00:00:00+00:00,0.0089910944,4271647.4,0.092960095,-0.083456127,5.6397192e-05
2025-03-04 00:00:00+00:00,-0.003637198,4256023,0.14690718,-0.14542324,6.0572769e-05
2025-03-05 00:00:00+00:00,-0.0037384601,4240127.6,0.11575555,-0.09703439,6.9938493e-05
2025-03-06 00:00:00+00:00,0.0047106209,4260037.5,0.14342183,-0.12371101,8.7890179e-05
2025-03-07 00:00:00+00:00,-0.0049142586,4239069.9,0.13629189,-0.13536937,7.6569729e-05
2025-03-08 00:00:00+00:00,2.3182417e-05,4239142.9,0.19987559,-0.19987559,9.8144364e-05
2025-03-09 00:00:00+00:00,0.018372218,4317486.6,0.24440692,-0.24440692,0.00014154936
2025-03-10 00:00:00+00:00,0.017469255,4393006.3,0.24373766,-0.24373766,0.00011470291
2025-03-11 00:00:00+00:00,-0.015913,4323417.7,0.17087567,-0.17087567,6.7962748e-05
2025-03-12 00:00:00+00:00,-0.0038627014,4306652.8,0.1670603,-0.1670603,7.695468e-05
2025-03-13 00:00:00+00:00,0.00098046083,4310792.6,0.19826687,-0.19826687,0.00010220147
2025-03-14 00:00:00+00:00,-0.0044385806,4291689.1,0.15842326,-0.14827289,7.0449081e-05
2025-03-15 00:00:00+00:00,-0.0023440349,4281632.5,0.14239896,-0.11261683,5.9430818e-05
2025-03-16 00:00:00+00:00,0.001023646,4285974.9,0.13840897,-0.1262471,9.8651173e-05
2025-03-17 00:00:00+00:00,-0.0011413153,4281064.1,0.16977785,-0.1366716,7.9509322e-05
2025-03-18 00:00:00+00:00,-0.00044971649,4279104.6,0.17053166,-0.12611912,7.9956864e-05
2025-03-19 00:00:00+00:00,-0.008381596,4243330.5,0.14465167,-0.13279986,6.4660451e-05
2025-03-20 00:00:00+00:00,0.0027756223,4255093.4,0.12948274,-0.11609461,5.8736238e-05
2025-03-21 00:00:00+00:00,0.00092368666,4259010.4,0.15439398,-0.13276609,7.1514946e-05
2025-03-22 00:00:00+00:00,0.00029341325,4260255.3,0.17301901,-0.16678476,9.7757615e-05
2025-03-23 00:00:00+00:00,-0.0025115134,4249563.8,0.14420293,-0.13979579,7.0236396e-05
2025-03-24 00:00:00+00:00,-0.0033929273,4235161.5,0.08641968,-0.049372332,6.1491467e-05
2025-03-25 00:00:00+00:00,-0.00068215207,4232270.4,0.072780578,-0.031813558,3.0360659e-05
2025-03-26 00:00:00+00:00,-0.00041036639,4230532.4,0.050132295,-0.035592124,4.2236652e-05
2025-03-27 00:00:00+00:00,-7.1643783e-05,4230227.6,0.086568431,-0.013220589,6.0769715e-05
2025-03-28 00:00:00+00:00,0.0021342823,4239248.1,0.15823617,-0.10309745,0.00011057958
2025-03-29 00:00:00+00:00,0.0070814887,4269276.3,0.2756166,-0.27383554,0.00016184239
2025-03-30 00:00:00+00:00,0.0055976135,4293105.4,0.29211273,-0.29211273,0.0001686546
2025-03-31 00:00:00+00:00,-0.006785922,4263795.2,0.34638441,-0.34638441,0.00015319955
2025-04-01 00:00:00+00:00,-0.0083065253,4228359,0.2853531,-0.2853531,0.00014439406
2025-04-02 00:00:00+00:00,0.0043230033,4246404.8,0.27586218,-0.27586218,0.00013428169
2025-04-03 00:00:00+00:00,0.0014925075,4252634.4,0.19030068,-0.19030068,8.6808981e-05
2025-04-04 00:00:00+00:00,-0.0038174972,4236350.5,0.16129772,-0.16129772,7.9663827e-05
2025-04-05 00:00:00+00:00,-0.0006653006,4233507.3,0.22072838,-0.22072838,0.00015193052
2025-04-06 00:00:00+00:00,0.044093623,4423433.6,0.41475811,-0.41475811,0.00021648717
2025-04-07 00:00:00+00:00,0.0050378872,4444209.6,0.2585029,-0.2585029,0.00012248008
2025-04-08 00:00:00+00:00,0.0066778713,4473861.9,0.1720048,-0.1720048,0.00010865647
2025-04-09 00:00:00+00:00,-0.024379372,4365303.6,0.21089165,-0.21089165,6.8476167e-05
2025-04-10 00:00:00+00:00,0.0034815247,4380502.7,0.08968961,-0.08968961,6.0672273e-05
2025-04-11 00:00:00+00:00,-0.006477281,4352178.4,0.12746967,-0.12198303,5.9301805e-05
2025-04-12 00:00:00+00:00,-0.0020784037,4343138.3,0.079527855,-0.010200751,4.9574861e-05
2025-04-13 00:00:00+00:00,-0.00092075807,4339138.3,0.077184023,-0.0076275368,4.9829787e-05
2025-04-14 00:00:00+00:00,-0.00019700805,4338282.7,0.061590606,-0.023439332,5.375653e-05
2025-04-15 00:00:00+00:00,0.0024414113,4348880.9,0.09814425,-0.085041913,7.0867638e-05
2025-04-16 00:00:00+00:00,-0.0024745765,4338059.1,0.15624894,-0.15600146,8.6124359e-05
2025-04-17 00:00:00+00:00,-2.3560278e-05,4337943.7,0.11561761,-0.11561761,5.0862551e-05
2025-04-18 00:00:00+00:00,-0.0013388728,4332133.9,0.17795611,-0.17795611,9.2410444e-05
2025-04-19 00:00:00+00:00,-0.0016746345,4324871.7,0.20398688,-0.20205449,0.00010095881
2025-04-20 00:00:00+00:00,0.00088185617,4328668,0.16904474,-0.16535306,7.2054201e-05
2025-04-21 00:00:00+00:00,0.00020215075,4329542.3,0.089970725,0.025647783,6.0087733e-05
2025-04-22 00:00:00+00:00,0.00070691251,4332591.6,0.099594916,0.044166163,7.6232089e-05
2025-04-23 00:00:00+00:00,-0.00046453572,4330561.5,0.12360463,0.1209915,4.7368797e-05
2025-04-24 00:00:00+00:00,0.00016521553,4331274.2,0.085250734,0.063090989,5.2524741e-05
2025-04-25 00:00:00+00:00,0.00039335862,4332964.5,0.10019383,0.096833088,5.5110665e-05
2025-04-26 00:00:00+00:00,-0.0001908951,4332132.8,0.1103638,0.10089432,5.7200879e-05
2025-04-27 00:00:00+00:00,-0.0019236711,4323800.1,0.15513658,0.11731158,7.9076712e-05
2025-04-28 00:00:00+00:00,0.0002276807,4324773.3,0.13031158,0.091240641,8.1632261e-05
2025-04-29 00:00:00+00:00,-0.0031890238,4310981.5,0.19998173,0.19810049,0.00012946284
2025-04-30 00:00:00+00:00,-0.0037131522,4294967.7,0.16912599,0.15000838,7.6280329e-05
2025-05-01 00:00:00+00:00,0.0028359976,4307152.8,0.14561245,0.12000132,9.9367485e-05
2025-05-02 00:00:00+00:00,-0.00098137093,4302912,0.18999888,0.18661109,0.0001190173
2025-05-03 00:00:00+00:00,-0.0026641935,4291449.4,0.28409207,0.27835834,0.00014624618
2025-05-04 00:00:00+00:00,-0.0025063611,4280698.4,0.25488637,0.12313352,0.00018513334
2025-05-05 00:00:00+00:00,-0.0023530611,4270632.9,0.2082498,0.047812067,0.00013278395
2025-05-06 00:00:00+00:00,-7.2738429e-05,4270316.4,0.19485776,0.035340782,0.00013453984
2025-05-07 00:00:00+00:00,-0.00053131031,4268042.2,0.21091389,0.1479683,0.0001152776
2025-05-08 00:00:00+00:00,0.027911458,4388420.5,0.42593542,0.42198728,0.00029400369
2025-05-09 00:00:00+00:00,0.017792897,4466458,0.56451433,0.56451433,0.00024664219
2025-05-10 00:00:00+00:00,0.022983646,4569854.9,0.53107256,0.53107256,0.00024926476
2025-05-11 00:00:00+00:00,-0.0079948146,4532952,0.57270296,0.57270296,0.00025157284
2025-05-12 00:00:00+00:00,-0.0064932994,4502742.4,0.52145095,0.52145095,0.00020643709
2025-05-13 00:00:00+00:00,0.013557584,4563986.2,0.38738075,0.38738075,0.00019876381
2025-05-14 00:00:00+00:00,-0.0057364128,4537647,0.45549468,0.45549468,0.00021659096
2025-05-15 00:00:00+00:00,-0.010969232,4487738.7,0.33178296,0.33178296,0.00015908498
2025-05-16 00:00:00+00:00,-0.0033160357,4472804.1,0.28048296,0.28048296,0.00012685519
2025-05-17 00:00:00+00:00,-0.0010956945,4467851.6,0.27285907,0.27285907,0.00013405332
2025-05-18 00:00:00+00:00,0.0041642809,4486236.2,0.32907721,0.32907721,0.00014112454
2025-05-19 00:00:00+00:00,-0.0012139114,4480734.4,0.19430857,0.1843473,0.00011505201
2025-05-20 00:00:00+00:00,0.0015065359,4487345.5,0.29879644,0.2987318,0.0001501271
2025-05-21 00:00:00+00:00,0.0074043617,4520364.9,0.29242854,0.29242854,0.00014494625
2025-05-22 00:00:00+00:00,0.0053418004,4544501.3,0.31347473,0.31347473,0.00014734444
2025-05-23 00:00:00+00:00,-0.015109289,4476030.2,0.29208691,0.28915247,0.00012927011
2025-05-24 00:00:00+00:00,-0.0019365871,4467345.1,0.20673702,0.19907621,0.00013395436
2025-05-25 00:00:00+00:00,0.0038794015,4484678.3,0.22598187,0.20169358,0.00011805985
2025-05-26 00:00:00+00:00,-0.00055208717,4482186.9,0.24145947,0.22091194,0.00011272363
2025-05-27 00:00:00+00:00,0.002438101,4493108.8,0.24383466,0.19536794,0.00012793484
2025-05-28 00:00:00+00:00,0.0010570777,4497828,0.25495193,0.19572004,0.00015441319
2025-05-29 00:00:00+00:00,-0.0088326002,4458226.2,0.26713713,0.22757333,0.00010634591
2025-05-30 00:00:00+00:00,-0.0023594258,4447695.9,0.18012767,0.1358594,7.4627404e-05
2025-05-31 00:00:00+00:00,-0.00074953279,4444362.1,0.12426684,0.049679962,6.394507e-05
2025-06-01 00:00:00+00:00,-0.00019009574,4443516.1,0.16544555,0.041961904,8.9066607e-05
2025-06-02 00:00:00+00:00,0.0011167083,4448476.7,0.18931951,0.07668793,0.00010187273
2025-06-03 00:00:00+00:00,-0.0022351169,4438532.1,0.2173949,0.15030079,0.00010152977
2025-06-04 00:00:00+00:00,-0.00051799674,4436215.7,0.23708971,0.22091816,0.00011784885
2025-06-05 00:00:00+00:00,-0.007663389,4402310,0.19142282,0.15066755,9.7532985e-05
2025-06-06 00:00:00+00:00,-0.0011590415,4397208.4,0.099913498,0.039814139,6.3894652e-05
2025-06-07 00:00:00+00:00,0.0010082829,4401642.1,0.15160949,0.11495958,9.1740131e-05
2025-06-08 00:00:00+00:00,-0.00098530172,4397305.4,0.1440413,0.0616593,0.00015377753
2025-06-09 00:00:00+00:00,0.0021405017,4406723.2,0.19229055,0.043933863,0.00016640559
2025-06-10 00:00:00+00:00,0.00072817699,4409888.6,0.29493892,0.26878198,0.00021902377
2025-06-11 00:00:00+00:00,-0.0028735619,4397170.6,0.37162918,0.37006914,0.00015968473
2025-06-12 00:00:00+00:00,-0.0095642711,4355257.2,0.32892111,0.25334879,0.00016645204
2025-06-13 00:00:00+00:00,-0.0010373163,4350739.1,0.15805951,0.0056463753,0.00011525699
2025-06-14 00:00:00+00:00,-0.0023863746,4340362.2,0.20387344,-0.015579196,0.00012242942
2025-06-15 00:00:00+00:00,-0.00049670989,4338196.9,0.17108897,-0.097685657,9.239663e-05
2025-06-16 00:00:00+00:00,-0.0033190808,4323809.5,0.21659312,0.048539877,0.00019947007
2025-06-17 00:00:00+00:00,-0.0023000324,4313857.5,0.1641717,0.015012879,0.00012712649
2025-06-18 00:00:00+00:00,-0.0010871577,4309167.1,0.16968962,0.027972848,8.6951718e-05
2025-06-19 00:00:00+00:00,4.9520368e-05,4309379.4,0.17411238,0.02528019,0.00012031016
2025-06-20 00:00:00+00:00,-0.00088520059,4305554.7,0.18993229,0.013648409,0.00014615102
2025-06-21 00:00:00+00:00,0.0059335966,4330920.7,0.26898517,-0.26391733,0.00023342436
2025-06-22 00:00:00+00:00,0.0088656529,4369024.2,0.32964527,-0.32964527,0.00016143863
2025-06-23 00:00:00+00:00,-0.012536092,4314430.9,0.20008257,-0.19949988,0.00010754169
2025-06-24 00:00:00+00:00,-0.001505807,4307929.1,0.07425609,-0.067320048,2.8640596e-05
2025-06-25 00:00:00+00:00,-0.00074595461,4304708.6,0.13331242,-0.062000482,0.00011238391
2025-06-26 00:00:00+00:00,0.00093401839,4308727.9,0.20139987,0.018376578,0.00011438567
2025-06-27 00:00:00+00:00,-0.00048593357,4306630.8,0.23643648,0.14289719,0.0001317314
2025-06-28 00:00:00+00:00,0.00024915098,4307702.3,0.2676094,0.2010689,0.00013580686
2025-06-29 00:00:00+00:00,0.00031613519,4309058,0.31971351,0.2141534,0.00018030404
2025-06-30 00:00:00+00:00,-0.0044853306,4289763,0.24701527,0.18424282,0.00013694266
2025-07-01 00:00:00+00:00,-0.0011133142,4284987.2,0.14755845,0.065386369,8.1249376e-05
2025-07-02 00:00:00+00:00,0.0015285174,4291514.3,0.26587256,0.19631155,0.00022646386
2025-07-03 00:00:00+00:00,-0.00021751775,4290510,0.31094456,0.30836118,0.00017798392
2025-07-04 00:00:00+00:00,-0.0043806183,4271735.2,0.26748167,0.24180515,0.00014065521
2025-07-05 00:00:00+00:00,9.0026505e-05,4272115.3,0.3419265,0.30199758,0.00024557373
2025-07-06 00:00:00+00:00,0.0057088738,4296448.5,0.59804898,0.5929562,0.00029544366
2025-07-07 00:00:00+00:00,-0.0019815579,4287861.5,0.44496012,0.43533429,0.00018505714
2025-07-08 00:00:00+00:00,0.00010591358,4288307,0.22151452,0.16713523,0.00011326953
2025-07-09 00:00:00+00:00,0.0070341885,4318486.3,0.28296902,0.254079,0.00018693314
2025-07-10 00:00:00+00:00,0.018484025,4398684.4,0.38447227,0.38447227,0.00022130668
2025-07-11 00:00:00+00:00,0.010138095,4443035.2,0.50900011,0.50900011,0.00023854607
2025-07-12 00:00:00+00:00,-0.0035599217,4426917.3,0.65107013,0.65107013,0.00033794431
2025-07-13 00:00:00+00:00,0.010583264,4473709.4,0.88479275,0.88479275,0.00043697689
2025-07-14 00:00:00+00:00,0.0033223955,4487416.2,0.94403045,0.94403045,0.00037371379
2025-07-15 00:00:00+00:00,0.0007833658,4489963.5,0.58287879,0.58287879,0.00029279247
2025-07-16 00:00:00+00:00,0.01699879,4566698.7,0.50837841,0.50837841,0.00033192691
2025-07-17 00:00:00+00:00,0.031902979,4713497,0.63922179,0.63922179,0.00029990656
2025-07-18 00:00:00+00:00,-0.0070499954,4679445.8,0.59341672,0.59341672,0.00025127037
2025-07-19 00:00:00+00:00,0.0052032879,4703612.7,0.5203149,0.5203149,0.00025793628
2025-07-20 00:00:00+00:00,0.016790323,4782766,0.69372575,0.69372575,0.00032073102
2025-07-21 00:00:00+00:00,0.0043107128,4802927.8,0.62013867,0.62013867,0.00023972879
2025-07-22 00:00:00+00:00,0.0048929676,4825693.8,0.51598109,0.51598109,0.00026294156
2025-07-23 00:00:00+00:00,-0.016957167,4743937,0.45313841,0.45313841,0.00018208645
2025-07-24 00:00:00+00:00,-0.0078906175,4706322.3,0.32230221,0.32230221,0.00014436137
2025-07-25 00:00:00+00:00,0.00070490786,4709519.9,0.18794746,0.18778463,0.00012254293
2025-07-26 00:00:00+00:00,0.0029825476,4723559.3,0.27278715,0.27278715,0.00017880648
2025-07-27 00:00:00+00:00,0.012728475,4783956.6,0.42053121,0.42053121,0.00019693129
2025-07-28 00:00:00+00:00,-0.0088272682,4741770.2,0.38321777,0.38321777,0.0001594145
2025-07-29 00:00:00+00:00,-0.0048882712,4718445.9,0.3793816,0.3793816,0.00016298972
2025-07-30 00:00:00+00:00,-0.0023787376,4707008.9,0.34824727,0.34824727,0.00015117074
2025-07-31 00:00:00+00:00,-0.0078343256,4670186.7,0.2712679,0.27126736,0.00010537359
2025-08-01 00:00:00+00:00,-0.0042062267,4650570.7,0.10952709,0.080672438,6.6685313e-05
2025-08-02 00:00:00+00:00,0.00022338369,4651607.6,0.089075049,-0.030209837,4.3053411e-05
2025-08-03 00:00:00+00:00,-0.00091179282,4647367.7,0.080742848,-0.034624592,3.702307e-05
2025-08-04 00:00:00+00:00,0.0010981173,4652469.4,0.10289813,0.077422472,0.00010031346
2025-08-05 00:00:00+00:00,-0.0031328835,4637907.8,0.11205578,0.061670079,6.8727689e-05
2025-08-06 00:00:00+00:00,0.0015671202,4645170.9,0.13594553,0.11869754,0.00011851182
2025-08-07 00:00:00+00:00,0.015221027,4716239.4,0.30895838,0.30895838,0.00018385133
2025-08-08 00:00:00+00:00,0.0038643043,4734267.6,0.38540145,0.38540145,0.00015794119
2025-08-09 00:00:00+00:00,0.0091988227,4777860.6,0.36292367,0.36292367,0.00015073866
2025-08-10 00:00:00+00:00,-0.0023840148,4766364.9,0.34367721,0.34367721,0.00017371188
2025-08-11 00:00:00+00:00,-0.0010263303,4761249.2,0.32408264,0.32408264,0.0001345795
2025-08-12 00:00:00+00:00,0.012716902,4822012.1,0.32322574,0.32322574,0.00016216216
2025-08-13 00:00:00+00:00,0.0085468877,4863249.5,0.38260165,0.38260165,0.00018160244
2025-08-14 00:00:00+00:00,-0.014186088,4794287.1,0.30454443,0.30454443,0.00012609969
2025-08-15 00:00:00+00:00,-0.0019628139,4784801.2,0.2023562,0.2023562,0.0001061286
2025-08-16 00:00:00+00:00,-0.00074275693,4781209.5,0.25230431,0.25230431,0.00016165037
2025-08-17 00:00:00+00:00,0.0027649871,4794359.2,0.33594494,0.33594494,0.00014555008
2025-08-18 00:00:00+00:00,-0.0055549438,4767737.1,0.16178175,0.10853217,8.8216269e-05
2025-08-19 00:00:00+00:00,-0.0046111198,4745780.2,0.13126553,0.050309182,9.8238437e-05
2025-08-20 00:00:00+00:00,0.0041924159,4765706.3,0.14140069,0.044417258,8.8758336e-05
2025-08-21 00:00:00+00:00,-0.0031602715,4750654.4,0.16565493,0.06642986,9.4142623e-05
2025-08-22 00:00:00+00:00,0.0033202757,4766421.4,0.20715064,0.043134103,0.00010187701
2025-08-23 00:00:00+00:00,-0.00020795764,4765408.5,0.16759221,0.16690379,9.599943e-05
2025-08-24 00:00:00+00:00,-0.005693806,4738187.4,0.25659757,0.23591568,0.00014540121
2025-08-25 00:00:00+00:00,-0.0068299988,4705877.1,0.19434109,0.088518639,9.575478e-05
2025-08-26 00:00:00+00:00,0.00087177858,4709978,0.13594458,0.005712577,6.8612814e-05
2025-08-27 00:00:00+00:00,-0.00071591206,4706604.2,0.18234478,-0.0016485789,0.00010269046
2025-08-28 00:00:00+00:00,-0.0017478811,4698377.1,0.14818851,0.00034837161,7.9165801e-05
2025-08-29 00:00:00+00:00,0.00083956997,4702315.5,0.1748218,-0.044599591,0.00010364088
2025-08-30 00:00:00+00:00,3.8475869e-05,4702492.5,0.17529576,-0.020236742,0.00010404007
2025-08-31 00:00:00+00:00,0.00035717197,4704166.5,0.2578019,0.034651651,0.00013539016
2025-09-01 00:00:00+00:00,-0.0045574141,4682768,0.20610316,0.0067705451,0.00011421847
2025-09-02 00:00:00+00:00,-0.0020171255,4673327.1,0.13268463,0.045331536,6.9878848e-05
2025-09-03 00:00:00+00:00,0.0018470167,4681957.8,0.15113717,0.13007376,0.00010293746
2025-09-04 00:00:00+00:00,-0.0055002672,4656258.2,0.15965272,0.14786101,9.9902559e-05
2025-09-05 00:00:00+00:00,-0.0010999719,4651071.1,0.11860556,0.10612233,7.5536717e-05
2025-09-06 00:00:00+00:00,0.00020169575,4652007.6,0.11017034,0.075611658,7.9005332e-05
2025-09-07 00:00:00+00:00,0.0018903771,4660805.8,0.20740164,0.065809745,0.00015898926
2025-09-08 00:00:00+00:00,1.4404082e-05,4660859,0.20907511,0.13527018,0.00012381389
2025-09-09 00:00:00+00:00,-0.0010443583,4655954,0.23865405,0.21289959,0.00013421231
2025-09-10 00:00:00+00:00,0.0026331732,4668189,0.24028375,0.19767505,0.00011713108
2025-09-11 00:00:00+00:00,0.0073474843,4702568.3,0.25354026,0.25354026,0.00013236374
2025-09-12 00:00:00+00:00,0.01219756,4760178.9,0.39853717,0.39853717,0.00021876288
2025-09-13 00:00:00+00:00,0.0027401035,4773018.3,0.48668918,0.48668918,0.00022061659
2025-09-14 00:00:00+00:00,-0.0069534322,4739742.8,0.47069319,0.47069319,0.00022959518
2025-09-15 00:00:00+00:00,-0.0085248677,4699236.4,0.37785321,0.37515699,0.00021364764
2025-09-16 00:00:00+00:00,0.01046945,4748562.2,0.36900609,0.35822674,0.0002262199
2025-09-17 00:00:00+00:00,0.0042222631,4768447.2,0.36553664,0.34227757,0.00019910756
2025-09-18 00:00:00+00:00,0.00017788511,4769238.7,0.36683833,0.36683833,0.00022774152
2025-09-19 00:00:00+00:00,-0.0066724547,4737430.4,0.43175239,0.41751351,0.00021241545
2025-09-20 00:00:00+00:00,0.018991268,4828031.5,0.47397903,0.46152666,0.00024632506
2025-09-21 00:00:00+00:00,-0.010059288,4779550.7,0.4598685,0.40927583,0.00024029519
2025-09-22 00:00:00+00:00,-0.0052977276,4754244.3,0.36189265,-0.070603359,0.00026564401
2025-09-23 00:00:00+00:00,0.0036776112,4771722.7,0.42395546,-0.19173719,0.00021140598
2025-09-24 00:00:00+00:00,-0.0061362526,4742494.9,0.37286738,-0.11217972,0.00017358899
2025-09-25 00:00:00+00:00,0.0063023602,4772126.8,0.40428077,-0.25771321,0.00024207678
2025-09-26 00:00:00+00:00,-0.0046976099,4749592,0.36358731,-0.36061848,0.00015669813
2025-09-27 00:00:00+00:00,-0.00038361643,4747742,0.4823944,-0.40848408,0.00028604045
2025-09-28 00:00:00+00:00,-0.0090922304,4704662.5,0.62685118,-0.44826127,0.00028813172
2025-09-29 00:00:00+00:00,0.0015238718,4711815.9,0.27310747,0.0049799023,0.00013381297
2025-09-30 00:00:00+00:00,-0.0031606752,4696915.6,0.24225359,0.19224446,0.00018131037
2025-10-01 00:00:00+00:00,0.0078634243,4733859.8,0.38103686,0.37348347,0.00020555814
2025-10-02 00:00:00+00:00,0.015844672,4809200.6,0.48089883,0.48089883,0.00026059072
2025-10-03 00:00:00+00:00,0.016206581,4887260.6,0.54765547,0.54765547,0.00023425354
2025-10-04 00:00:00+00:00,-0.0074470034,4850901.6,0.56958057,0.56958057,0.00027760201
2025-10-05 00:00:00+00:00,0.0066136654,4882441.8,0.59088015,0.59088015,0.00024191632
2025-10-06 00:00:00+00:00,0.017456035,4968097.4,0.63698644,0.63698644,0.0003332316
2025-10-07 00:00:00+00:00,-0.0025289013,4954914.7,0.55321821,0.5144784,0.00023530893
2025-10-08 00:00:00+00:00,-0.00038884394,4952887.7,0.38066069,0.2589418,0.00019609191
2025-10-09 00:00:00+00:00,-0.0099186257,4903771,0.30845705,0.17028745,0.000163354
2025-10-10 00:00:00+00:00,0.0043781083,4925174.4,0.24834276,0.055405284,0.00015005441
2025-10-11 00:00:00+00:00,0.0046081257,4947729.7,0.19870789,-0.15550111,9.1209465e-05
2025-10-12 00:00:00+00:00,-0.017452797,4861861.3,0.25667929,-0.18859968,0.00013117712
2025-10-13 00:00:00+00:00,-0.0051601637,4836769.6,0.22659888,-0.13106926,0.00010429475
2025-10-14 00:00:00+00:00,0.0010977102,4841949.3,0.26828502,-0.20120082,0.00014638457
2025-10-15 00:00:00+00:00,0.0092515949,4886882.6,0.31871352,-0.24040278,0.00017695418
2025-10-16 00:00:00+00:00,0.0016461052,4894735.1,0.32034635,-0.20236223,0.00017189128
2025-10-17 00:00:00+00:00,-0.00089201716,4890103.8,0.27977072,-0.26001213,0.00016216034
2025-10-18 00:00:00+00:00,-0.0025561058,4877517.3,0.37650154,-0.37650154,0.00020721758
2025-10-19 00:00:00+00:00,-0.0077903812,4839433.7,0.40780702,-0.3984999,0.00017933272
2025-10-20 00:00:00+00:00,-0.0098491133,4791865.7,0.26869579,-0.26055319,0.00011874506
2025-10-21 00:00:00+00:00,-0.0018592699,4782536.1,0.22066157,-0.22066157,0.00010620667
2025-10-22 00:00:00+00:00,-0.00045574492,4780306.7,0.17109472,-0.17107061,0.00015647233
2025-10-23 00:00:00+00:00,-0.0058290059,4752472.4,0.23100322,-0.21756776,0.00012083355
2025-10-24 00:00:00+00:00,-0.0062060783,4723037.3,0.16278375,-0.13534204,7.7570862e-05
2025-10-25 00:00:00+00:00,9.6041997e-05,4723490.3,0.093547896,0.011814697,8.0543285e-05
2025-10-26 00:00:00+00:00,0.0019717544,4732806.3,0.15123578,0.10541281,0.00010574713
2025-10-27 00:00:00+00:00,-0.001134202,4727423.6,0.159496,0.15035967,7.3361768e-05
2025-10-28 00:00:00+00:00,-0.0028301878,4714030.7,0.15260165,0.13232762,6.9642495e-05
2025-10-29 00:00:00+00:00,-0.00071681315,4710651.6,0.067964728,-0.00065903832,4.777084e-05
2025-10-30 00:00:00+00:00,-0.00061747662,4707707.1,0.10209963,-0.082466449,8.9225312e-05
2025-10-31 00:00:00+00:00,-0.0014456567,4700890.1,0.12265412,-0.094680322,7.9311278e-05
2025-11-01 00:00:00+00:00,-0.00083579787,4696942.3,0.24321216,-0.22025942,0.00014782311
2025-11-02 00:00:00+00:00,0.00056658661,4699475.8,0.35907233,-0.35461649,0.00021532446
2025-11-03 00:00:00+00:00,0.023087277,4808270.7,0.37960487,-0.37960487,0.00017798526
2025-11-04 00:00:00+00:00,0.016356865,4886992,0.26668697,-0.26668697,0.00015818189
2025-11-05 00:00:00+00:00,-0.013597795,4820768.5,0.29220059,-0.29220059,0.00013982454
2025-11-06 00:00:00+00:00,0.0095042542,4866363.7,0.43493818,-0.43493818,0.00021855702
2025-11-07 00:00:00+00:00,-0.017246481,4782499.9,0.44984072,-0.44984072,0.00018318914
2025-11-08 00:00:00+00:00,0.0023111214,4793484.7,0.33911598,-0.33911598,0.00015709678
2025-11-09 00:00:00+00:00,-0.014237368,4725574.5,0.33514402,-0.33514402,9.9846387e-05
2025-11-10 00:00:00+00:00,-0.00018703294,4724671,0.11181888,-0.094418573,8.4142543e-05
2025-11-11 00:00:00+00:00,0.0058423899,4752328.3,0.16078235,-0.15611907,0.00013015588
2025-11-12 00:00:00+00:00,-0.0023554492,4740997.2,0.27114712,-0.27114712,0.00016981099
2025-11-13 00:00:00+00:00,0.0054410939,4766652.2,0.25379427,-0.2520967,0.00017601021
2025-11-14 00:00:00+00:00,0.0039411783,4785027.5,0.32199116,-0.32199116,0.00016101554
2025-11-15 00:00:00+00:00,-0.00081312665,4781014.3,0.36070842,-0.36070842,0.00017625541
2025-11-16 00:00:00+00:00,5.9736981e-05,4780790.2,0.4563495,-0.4563495,0.00019257041
2025-11-17 00:00:00+00:00,0.010074419,4828787.2,0.35279805,-0.35279805,0.00016943973
2025-11-18 00:00:00+00:00,-0.007447506,4792730.6,0.29261379,-0.29261379,0.00010804058
2025-11-19 00:00:00+00:00,0.0058667996,4820507.1,0.30845323,-0.30845323,0.00018402822
2025-11-20 00:00:00+00:00,0.012871133,4882516.1,0.29372815,-0.29372815,0.00014821889
2025-11-21 00:00:00+00:00,0.011319356,4937233.5,0.29973048,-0.29973048,0.00012524068
2025-11-22 00:00:00+00:00,-0.0018320665,4928018.2,0.28936883,-0.28936883,0.00014959864
2025-11-23 00:00:00+00:00,-0.0062165277,4897224.8,0.3720961,-0.3720961,0.00017815212
2025-11-24 00:00:00+00:00,-0.015246434,4822665,0.35055683,-0.35055683,0.00012642904
2025-11-25 00:00:00+00:00,-0.00026696756,4821272.2,0.2851404,-0.2851404,0.000125705
2025-11-26 00:00:00+00:00,-0.0058169328,4793194.9,0.21498106,-0.21498106,8.09131e-05
2025-11-27 00:00:00+00:00,1.4056068e-05,4793249.4,0.15575513,-0.15575513,7.0791759e-05
2025-11-28 00:00:00+00:00,-0.00015306211,4792440.1,0.17496992,-0.17496992,8.3355952e-05
2025-11-29 00:00:00+00:00,0.00039630391,4794323.3,0.19853385,-0.19853385,0.00012188846
2025-11-30 00:00:00+00:00,0.012884691,4856089.7,0.24419661,-0.24419661,0.0001146513
2025-12-01 00:00:00+00:00,0.0031273157,4871203.5,0.25029159,-0.25029159,0.00010673958
2025-12-02 00:00:00+00:00,-0.021927838,4765213.3,0.28342883,-0.28342883,0.00013616649
2025-12-03 00:00:00+00:00,-0.0066340355,4733675.9,0.15230909,-0.15230909,6.2105448e-05
2025-12-04 00:00:00+00:00,0.0021058887,4743632.4,0.11548101,-0.11548101,6.2888674e-05
2025-12-05 00:00:00+00:00,0.0040900681,4763030,0.13772331,-0.13772331,0.00010135097
2025-12-06 00:00:00+00:00,-0.00025598126,4761808.6,0.093684787,-0.083319994,5.4184793e-05
2025-12-07 00:00:00+00:00,-0.0037815375,4743716.5,0.1273131,-0.11462216,0.00010418237
2025-12-08 00:00:00+00:00,-0.002291945,4732831.5,0.16078106,-0.16078106,0.00010179736
2025-12-09 00:00:00+00:00,-0.0081180195,4694347.8,0.19803017,-0.19258797,7.7042624e-05
2025-12-10 00:00:00+00:00,0.0026201339,4706654.4,0.11189393,-0.092733345,6.6825685e-05
2025-12-11 00:00:00+00:00,-0.0014327443,4699836.5,0.25398799,-0.25168838,0.00011888033
2025-12-12 00:00:00+00:00,0.0013104759,4705892.7,0.20202883,-0.20202883,0.00010667725
2025-12-13 00:00:00+00:00,-0.0025613648,4693846.9,0.23378515,-0.23378515,0.00016802892
2025-12-14 00:00:00+00:00,0.007603201,4729605.8,0.38198778,-0.38198778,0.00021859221
2025-12-15 00:00:00+00:00,0.010995859,4781698.4,0.30776509,-0.30776509,0.0001755684
2025-12-16 00:00:00+00:00,-0.0057366398,4754240.6,0.25969696,-0.25969696,0.00013481635
2025-12-17 00:00:00+00:00,0.0043547728,4774643.3,0.32101421,-0.32101421,0.0001575053
2025-12-18 00:00:00+00:00,0.0034423481,4790813.2,0.2702546,-0.2702546,0.00013112016
2025-12-19 00:00:00+00:00,-0.012151614,4732804.8,0.21690969,-0.21690969,8.5948595e-05
2025-12-20 00:00:00+00:00,-0.0011265104,4727471.4,0.22294109,-0.22294109,0.00011081113
2025-12-21 00:00:00+00:00,-0.0012450448,4721562.4,0.18124882,-0.16716971,0.00014010493
2025-12-22 00:00:00+00:00,-0.0011386349,4716178.7,0.13890038,-0.13815557,8.0904171e-05
2025-12-23 00:00:00+00:00,0.0017944536,4724567,0.20875241,-0.20875241,0.00012643753
2025-12-24 00:00:00+00:00,0.00086864288,4728637,0.28750411,-0.28750411,0.00017213088
2025-12-25 00:00:00+00:00,0.0060187686,4757075.8,0.37164811,-0.37164811,0.00021745424
2025-12-26 00:00:00+00:00,-0.0042033715,4736863.2,0.30635839,-0.30635839,0.00014060632
2025-12-27 00:00:00+00:00,-0.0046973952,4714632.1,0.38459728,-0.38459728,0.00025078166
2025-12-28 00:00:00+00:00,-0.0048485469,4691787.5,0.47067488,-0.47067488,0.00022633737
2025-12-29 00:00:00+00:00,0.0017076382,4699747.7,0.25964717,-0.25964717,0.0001460787
2025-12-30 00:00:00+00:00,-0.0026208938,4687423.3,0.25575096,-0.25575096,0.00012535295
2025-12-31 00:00:00+00:00,0.0038307311,4705394.9,0.1934373,-0.13631171,0.00012191521
2026-01-01 00:00:00+00:00,-0.0053893838,4680087.6,0.16765858,-0.10928168,8.2263947e-05
2026-01-02 00:00:00+00:00,-0.0045336623,4658905.2,0.10139454,-0.052915363,7.6203401e-05
2026-01-03 00:00:00+00:00,0.0014239834,4665540.6,0.077428421,0.019756926,7.8539533e-05
2026-01-04 00:00:00+00:00,0.003193611,4680437.1,0.20295031,0.20295031,0.00011502784
2026-01-05 00:00:00+00:00,0.0089618085,4722506.4,0.27024956,0.27024956,0.00017203624
2026-01-06 00:00:00+00:00,-0.0085040868,4682210.4,0.32173664,0.32173664,0.00015559517
2026-01-07 00:00:00+00:00,-0.0053178868,4657312.3,0.18814153,0.18814153,7.501275e-05
2026-01-08 00:00:00+00:00,-0.0034600071,4641212.7,0.088437098,0.034181519,6.0396764e-05
2026-01-09 00:00:00+00:00,-0.00092462149,4636916.6,0.10597288,-0.038832487,7.9991188e-05
2026-01-10 00:00:00+00:00,-0.0001427249,4636253.5,0.14901001,-0.062343284,0.00013766883
2026-01-11 00:00:00+00:00,-0.0018131598,4627846.7,0.21648576,-0.12914169,0.00010891209
2026-01-12 00:00:00+00:00,-0.0011969014,4622300.6,0.11324172,-0.037042999,9.6559839e-05
2026-01-13 00:00:00+00:00,0.012121442,4678535.3,0.20978061,0.20157153,0.00019430427
2026-01-14 00:00:00+00:00,-0.0015848098,4671004.1,0.33790393,0.33790393,0.00016448422
2026-01-15 00:00:00+00:00,-0.0053765121,4645854.1,0.38384396,0.38384396,0.00019778652
2026-01-16 00:00:00+00:00,-0.0016109965,4638324.8,0.40145682,0.39183124,0.00022778739
2026-01-17 00:00:00+00:00,0.0013653895,4644597.9,0.5692001,0.55247251,0.00026192996
2026-01-18 00:00:00+00:00,-0.0019212376,4635559.4,0.61919799,0.52488722,0.00039142632
2026-01-19 00:00:00+00:00,-0.0016657852,4627838.3,0.12089223,-0.038606639,7.9250879e-05
2026-01-20 00:00:00+00:00,0.0054587731,4653119.4,0.22914403,-0.17491934,0.00016160113
2026-01-21 00:00:00+00:00,-0.0073950596,4618455,0.26523133,-0.26523133,9.2381513e-05
2026-01-22 00:00:00+00:00,0.00072423646,4621796.7,0.084642848,-0.084642848,5.8930632e-05
2026-01-23 00:00:00+00:00,-0.00017226434,4620920.9,0.24318544,-0.24318544,0.00012090964
2026-01-24 00:00:00+00:00,0.0001253494,4621494.4,0.22657425,-0.22657425,0.00012901676
2026-01-25 00:00:00+00:00,0.011270818,4673700.5,0.40352436,-0.40352436,0.00024826566
2026-01-26 00:00:00+00:00,-0.0068536073,4641687.2,0.20980331,-0.20980331,0.00013335347
2026-01-27 00:00:00+00:00,-0.0064425392,4611777.8,0.23841669,-0.23713055,0.00012935205
2026-01-28 00:00:00+00:00,-1.345219e-05,4611701.6,0.14903142,-0.12074437,8.5546581e-05
2026-01-29 00:00:00+00:00,0.014949987,4680862.3,0.31670356,-0.29789404,0.00021683129
2026-01-30 00:00:00+00:00,0.0053098478,4705451.1,0.33673556,-0.33673556,0.00014120838
2026-01-31 00:00:00+00:00,0.038237519,4887425.4,0.47083307,-0.47083307,0.00029442775
2026-02-01 00:00:00+00:00,0.013296708,4951945.6,0.55693435,-0.55693435,0.0002673157
2026-02-02 00:00:00+00:00,-0.010642394,4898454.9,0.55408409,-0.55408409,0.00022893382
2026-02-03 00:00:00+00:00,0.013686362,4963708.3,0.45200904,-0.45200904,0.00015812494
2026-02-04 00:00:00+00:00,0.013398978,5030368.3,0.2745691,-0.2745691,0.00015650803
2026-02-05 00:00:00+00:00,0.065927164,5370905,0.43796151,-0.43796151,0.00019560758
2026-02-06 00:00:00+00:00,-0.03111219,5205307.2,0.23988973,-0.23988973,9.9862053e-05
2026-02-07 00:00:00+00:00,-0.00057300245,5202166.8,0.25568585,-0.25568585,0.00014606458
2026-02-08 00:00:00+00:00,-0.00082204759,5197544.2,0.33375973,-0.33375973,0.00013703496
2026-02-09 00:00:00+00:00,0.00060536196,5200449.7,0.31395876,-0.31395876,0.00012359608
2026-02-10 00:00:00+00:00,0.0064105014,5233708.9,0.27244411,-0.27244411,0.00010608886
2026-02-11 00:00:00+00:00,0.0035736553,5252222.1,0.283712,-0.283712,0.00015160934
2026-02-12 00:00:00+00:00,0.0018333485,5261673.8,0.30224352,-0.30224352,0.00012692953
2026-02-13 00:00:00+00:00,-0.012724255,5195016.7,0.28860291,-0.28860291,0.00011400337
2026-02-14 00:00:00+00:00,-0.0082810459,5152086,0.23465066,-0.23350152,0.00010303292
2026-02-15 00:00:00+00:00,0.0028245122,5166605,0.18121117,-0.17366518,9.1045421e-05
2026-02-16 00:00:00+00:00,-0.0017568548,5157456.6,0.17278986,-0.17278986,7.7656819e-05
2026-02-17 00:00:00+00:00,0.00206912,5168064.1,0.17455612,-0.17455612,7.596145e-05
2026-02-18 00:00:00+00:00,0.0036169751,5186746.5,0.19226279,-0.19226279,9.8187096e-05
2026-02-19 00:00:00+00:00,-0.0017451157,5177624.4,0.23909711,-0.23909711,0.00010016468
2026-02-20 00:00:00+00:00,-0.0032632432,5160671.9,0.20687698,-0.20687698,8.7372423e-05
2026-02-21 00:00:00+00:00,-2.3889505e-05,5160536.7,0.18204265,-0.18204265,9.2075153e-05
2026-02-22 00:00:00+00:00,0.0068123235,5195741.4,0.24826001,-0.24826001,0.00013357364
2026-02-23 00:00:00+00:00,0.0027226806,5209631.7,0.20926182,-0.20926182,9.8544175e-05
2026-02-24 00:00:00+00:00,0.0023878852,5222024.8,0.26452964,-0.26452964,0.00013323023
2026-02-25 00:00:00+00:00,-0.01772352,5130021.5,0.17138576,-0.17138576,7.5639908e-05
2026-02-26 00:00:00+00:00,0.0022845783,5141711.6,0.14389235,-0.14389235,8.1621895e-05
2026-02-27 00:00:00+00:00,0.0046459566,5165605.8,0.21490151,-0.21490151,0.00012229722
2026-02-28 00:00:00+00:00,-0.0026875242,5151365.4,0.22208326,-0.22208326,9.1821952e-05
2026-03-01 00:00:00+00:00,-0.00087252602,5146806.1,0.13889084,-0.13889084,8.3401863e-05
2026-03-02 00:00:00+00:00,-0.0069564517,5110953.2,0.15495496,-0.15495496,8.6522845e-05
2026-03-03 00:00:00+00:00,0.0026255929,5124346.5,0.15728376,-0.15728376,9.5230579e-05
2026-03-04 00:00:00+00:00,-0.011842815,5063914.7,0.1188343,-0.10599821,5.602648e-05
2026-03-05 00:00:00+00:00,-0.00014452073,5063182.3,0.042018249,-0.015220858,3.2220626e-05
